brand,model,release_year,charging_voltage,energy_consumption,ac_max_power,dc_max_power,battery_kwh,ev_key
Abarth,500E,2024,400,22.2,11.0,85.0,42.2,Abarth_500E
Abarth,600e Scorpionissima,2024,400,18.1,11.0,100.0,50.8,Abarth_600e Scorpionissima
Abarth,500e Convertible,2023,400,16.8,11.0,85.0,37.8,Abarth_500e Convertible
Abarth,500e Scorpionissima,2023,400,16.8,11.0,85.0,37.8,Abarth_500e Scorpionissima
Abarth,600e Turismo,2024,400,18.1,11.0,100.0,50.8,Abarth_600e Turismo
Abarth,scorpionissima,2023,400,16.8,11.0,37.8,37.8,Abarth_scorpionissima
Abarth,hatchback,2023,400,16.8,11.0,37.8,37.8,Abarth_hatchback
Abarth,convertible,2023,400,16.8,11.0,37.8,37.8,Abarth_convertible
Aiways,U5.,2022,400,19.0,11.0,60.0,60.0,Aiways_U5.
Aiways,U6.,2022,400,17.1,11.0,60.0,60.0,Aiways_U6.
Alpine,A290 Electric 220 hp,2024,400,17.0,11.0,100.0,52.0,Alpine_A290 Electric 220 hp
Alpine,A290 Electric 180 hp,2024,400,16.8,11.0,100.0,52.0,Alpine_A290 Electric 180 hp
Artega,Karo,2020,400,7.2,4.0,150.0,14.4,Artega_Karo
Audi,GT,2021,400,21.0,11.0,268.0,85.0,Audi_GT
Audi,GT,2021,400,20.2,11.0,268.0,85.0,Audi_GT
Audi,Q4 Sportback e-tron,2021,400,17.6,7.2,100.0,52.0,Audi_Q4 Sportback e-tron
Audi,Q4 Sportback e-tron,2021,400,19.0,11.0,125.0,77.0,Audi_Q4 Sportback e-tron
Audi,Q4 e-tron,2021,400,18.2,7.2,100.0,52.0,Audi_Q4 e-tron
Audi,Q4 e-tron,2021,400,18.8,11.0,125.0,77.0,Audi_Q4 e-tron
Audi,Q4 e-tron,2023,400,18.3,11.0,135.0,77.0,Audi_Q4 e-tron
Audi,Q4 e-tron,2021,400,19.7,11.0,125.0,77.0,Audi_Q4 e-tron
Audi,Q6 e-tron,2024,800,19.8,11.0,260.0,94.9,Audi_Q6 e-tron
Audi,Q6 e-tron,2024,800,20.6,11.0,270.0,94.9,Audi_Q6 e-tron
Audi,Q8 e-tron,2022,400,20.9,11.0,155.0,89.0,Audi_Q8 e-tron
Audi,Q8 e-tron,2022,400,21.0,11.0,168.0,106.0,Audi_Q8 e-tron
Audi,Q8 e-tron,2022,400,20.2,11.0,168.0,106.0,Audi_Q8 e-tron
Audi,SQ6 e-tron,2024,800,21.3,11.0,270.0,94.9,Audi_SQ6 e-tron
Audi,e-tron 50,2019,400,22.7,11.0,124.0,65.0,Audi_e-tron 50
Audi,e-tron 50,2019,400,22.7,22.0,124.0,65.0,Audi_e-tron 50
Audi,e-tron 55,2019,400,23.4,11.0,155.0,86.5,Audi_e-tron 55
Audi,e-tron 55,2019,400,23.4,22.0,155.0,86.5,Audi_e-tron 55
Audi,e-tron S,2020,400,27.0,22.0,188.0,95.0,Audi_e-tron S
Audi,e-tron S,2020,400,27.0,22.0,149.0,86.5,Audi_e-tron S
Audi,e-tron GT quattro,2021,400,20.2,11.0,268.0,85.0,Audi_e-tron GT quattro
Audi,A6 Sportback e-tron quattro,2024,400,16.2,11.0,270.0,94.9,Audi_A6 Sportback e-tron quattro
Audi,e-tron GT RS,2024,400,18.5,11.0,320.0,97.0,Audi_e-tron GT RS
Audi,e-tron GT S,2024,400,18.0,11.0,320.0,97.0,Audi_e-tron GT S
Audi,A6 Avant e-tron quattro,2024,400,17.7,11.0,270.0,94.9,Audi_A6 Avant e-tron quattro
Audi,Q6 e-tron,2024,400,19.2,11.0,225.0,75.8,Audi_Q6 e-tron
Audi,e-tron Sportback 55 quattro,2020,400,22.8,11.0,155.0,86.5,Audi_e-tron Sportback 55 quattro
Audi,Q4 e-tron 55 quattro,2023,400,19.5,11.0,175.0,77.0,Audi_Q4 e-tron 55 quattro
Audi,A6 Avant e-tron,2024,400,16.0,11.0,225.0,75.8,Audi_A6 Avant e-tron
Audi,A6 Sportback e-tron,2024,400,15.6,11.0,225.0,75.8,Audi_A6 Sportback e-tron
Audi,e-tron 50 quattro,2021,400,23.1,11.0,120.0,64.7,Audi_e-tron 50 quattro
Audi,e-tron 55 quattro,2020,400,23.7,11.0,155.0,86.5,Audi_e-tron 55 quattro
Audi,e-tron GT RS performance,2024,400,18.5,11.0,320.0,97.0,Audi_e-tron GT RS performance
Audi,Q4 Sportback e-tron 45,2023,400,17.7,11.0,150.0,77.0,Audi_Q4 Sportback e-tron 45
Audi,S6 Sportback e-tron,2024,400,17.3,11.0,270.0,94.9,Audi_S6 Sportback e-tron
Audi,Q6 e-tron Sportback performance,2024,400,18.6,11.0,260.0,94.9,Audi_Q6 e-tron Sportback performance
Audi,S6 Avant e-tron,2024,400,18.1,11.0,270.0,94.9,Audi_S6 Avant e-tron
Audi,Q4 Sportback e-tron 40,2021,400,18.0,11.0,143.0,76.6,Audi_Q4 Sportback e-tron 40
Audi,e-tron Sportback 50 quattro,2021,400,21.9,11.0,150.0,64.7,Audi_e-tron Sportback 50 quattro
Audi,Q6 e-tron Sportback quattro,2024,400,19.0,11.0,270.0,94.9,Audi_Q6 e-tron Sportback quattro
Audi,Q4 e-tron 45 quattro,2023,400,19.5,11.0,150.0,77.0,Audi_Q4 e-tron 45 quattro
Audi,Q4 Sportback e-tron 45 quattro,2023,400,18.8,11.0,150.0,77.0,Audi_Q4 Sportback e-tron 45 quattro
Audi,Q4 Sportback e-tron 55 quattro,2023,400,18.6,11.0,175.0,77.0,Audi_Q4 Sportback e-tron 55 quattro
Audi,Q6 e-tron Sportback,2024,400,18.5,11.0,225.0,75.8,Audi_Q6 e-tron Sportback
Audi,SQ8 e-tron,2023,400,23.3,11.0,168.0,106.0,Audi_SQ8 e-tron
Audi,SQ6 e-tron Sportback,2024,400,19.2,11.0,270.0,94.9,Audi_SQ6 e-tron Sportback
Audi,Q8 e-tron Sportback 50 quattro,2022,400,20.0,11.0,155.0,89.0,Audi_Q8 e-tron Sportback 50 quattro
Audi,SQ8 e-tron Sportback,2023,400,22.1,11.0,168.0,106.0,Audi_SQ8 e-tron Sportback
Audi,A6 Sportback e-tron performance,2024,400,15.8,11.0,270.0,94.9,Audi_A6 Sportback e-tron performance
Audi,A6 Avant e-tron performance,2024,400,16.8,11.0,270.0,94.9,Audi_A6 Avant e-tron performance
Audi,e-tron 55,2019,400,23.7,11.0,86.5,86.5,Audi_e-tron 55
Audi,e-tron Sportback 55,2020,400,22.8,11.0,86.5,86.5,Audi_e-tron Sportback 55
Audi,gt rs,2021,800,21.0,11.0,85.0,85.0,Audi_gt rs
Audi,etron 35,2021,400,18.2,11.0,52.0,52.0,Audi_etron 35
Audi,50,2019,400,23.1,11.0,64.7,64.7,Audi_50
Audi,sportback 50,2020,400,21.9,11.0,64.7,64.7,Audi_sportback 50
Audi,55,2019,400,23.7,11.0,86.5,86.5,Audi_55
Audi,s,2020,400,27.0,11.0,86.5,86.5,Audi_s
Audi,s sportback,2020,400,25.8,11.0,86.5,86.5,Audi_s sportback
Audi,sportbacketron 35,2021,400,17.6,4.0,52.0,52.0,Audi_sportbacketron 35
Audi,55,2020,400,23.7,11.0,86.5,86.5,Audi_55
Audi,sportback 55,2020,400,22.8,11.0,86.5,86.5,Audi_sportback 55
Audi,gt quattro,2021,800,20.2,11.0,85.0,85.0,Audi_gt quattro
Audi,etron 40,2021,400,18.9,11.0,76.6,76.6,Audi_etron 40
Audi,etron 50,2021,400,19.9,11.0,76.6,76.6,Audi_etron 50
Audi,sportbacketron 50,2021,400,19.2,4.0,76.6,76.6,Audi_sportbacketron 50
Audi,etron 45,2021,400,19.9,11.0,76.6,76.6,Audi_etron 45
Audi,sportbacketron 40,2021,400,18.0,4.0,76.6,76.6,Audi_sportbacketron 40
Audi,s,2021,400,27.0,11.0,86.5,86.5,Audi_s
Audi,s sportback,2021,400,26.2,11.0,86.5,86.5,Audi_s sportback
Audi,50,2021,400,23.1,11.0,64.7,64.7,Audi_50
Audi,sportback 50,2021,400,21.9,11.0,64.7,64.7,Audi_sportback 50
Audi,sportbacketron 45,2022,400,19.2,11.0,76.6,76.6,Audi_sportbacketron 45
Audi,etron 50,2022,400,20.9,11.0,89.0,89.0,Audi_etron 50
Audi,etron 55,2022,400,21.0,11.0,106.0,106.0,Audi_etron 55
Audi,etron sportback 50,2022,400,20.0,11.0,89.0,89.0,Audi_etron sportback 50
Audi,etron sportback 55,2022,400,20.2,11.0,106.0,106.0,Audi_etron sportback 55
Audi,etron,2023,400,23.3,11.0,106.0,106.0,Audi_etron
Audi,etron sportback,2023,400,22.1,11.0,106.0,106.0,Audi_etron sportback
Audi,etron 45,2023,400,18.3,11.0,77.0,77.0,Audi_etron 45
Audi,etron 45,2023,400,19.5,11.0,77.0,77.0,Audi_etron 45
Audi,etron 55,2023,400,19.5,11.0,77.0,77.0,Audi_etron 55
Audi,sportbacketron 45,2023,400,17.7,11.0,77.0,77.0,Audi_sportbacketron 45
Audi,sportbacketron 45,2023,400,18.8,11.0,77.0,77.0,Audi_sportbacketron 45
Audi,sportbacketron 55,2023,400,18.6,11.0,77.0,77.0,Audi_sportbacketron 55
BMW,iX3,2021,400,19.2,11.0,74.0,74.0,BMW_iX3
BMW,i3,2020,400,15.4,11.0,50.0,37.9,BMW_i3
BMW,i3,2013,400,14.5,7.4,47.0,18.8,BMW_i3
BMW,i3,2013,400,16.0,11.0,50.0,27.2,BMW_i3
BMW,i3S,2020,400,16.2,11.0,50.0,37.9,BMW_i3S
BMW,i3S,2019,400,16.1,11.0,49.0,37.9,BMW_i3S
BMW,i3S,2019,400,16.1,11.0,49.0,27.2,BMW_i3S
BMW,i3S,2019,400,16.1,11.0,49.0,27.2,BMW_i3S
BMW,i4,2022,400,16.8,11.0,180.0,67.0,BMW_i4
BMW,i4,2021,400,17.2,11.0,207.0,80.7,BMW_i4
BMW,i5,2023,400,19.3,11.0,206.0,81.2,BMW_i5
BMW,i5,2024,400,19.6,11.0,206.0,81.2,BMW_i5
BMW,i5,2023,400,17.3,11.0,206.0,81.2,BMW_i5
BMW,i5,2024,400,17.8,11.0,206.0,81.2,BMW_i5
BMW,i5,2024,400,17.8,11.0,206.0,81.2,BMW_i5
BMW,i7,2022,400,19.9,11.0,195.0,101.7,BMW_i7
BMW,iX,2022,400,21.7,22.0,195.0,105.2,BMW_iX
BMW,iX,2021,400,19.7,11.0,148.0,71.0,BMW_iX
BMW,iX,2021,400,20.8,11.0,195.0,105.2,BMW_iX
BMW,iX1,2022,400,18.2,11.0,130.0,64.7,BMW_iX1
BMW,iX3,2020,400,18.6,11.0,150.0,73.8,BMW_iX3
BMW,iX xDrive60,2025,400,20.8,11.0,195.0,109.1,BMW_iX xDrive60
BMW,iX xDrive45,2025,400,20.2,11.0,175.0,94.8,BMW_iX xDrive45
BMW,iX2 eDrive20,2024,400,16.4,11.0,128.0,64.7,BMW_iX2 eDrive20
BMW,iX2 xDrive30,2023,400,16.8,11.0,128.0,64.7,BMW_iX2 xDrive30
BMW,i4,2024,400,18.1,11.0,207.0,81.3,BMW_i4
BMW,i7,2023,400,20.8,11.0,200.0,101.7,BMW_i7
BMW,i4,2024,400,16.6,11.0,207.0,81.3,BMW_i4
BMW,i7,2023,400,19.6,11.0,200.0,101.7,BMW_i7
BMW,iX M70 xDrive,2025,400,21.8,11.0,195.0,108.9,BMW_iX M70 xDrive
BMW,iX1 eDrive20,2023,400,16.6,11.0,128.0,64.7,BMW_iX1 eDrive20
BMW,i5 xDrive40 Touring,2025,400,18.2,136.0,206.0,81.2,BMW_i5 xDrive40 Touring
BMW,i3 94,2016,400,16.5,27.2,47.0,27.2,BMW_i3 94
BMW,i3 94,2017,400,16.5,27.2,27.2,27.2,BMW_i3 94
BMW,i3s 94,2017,400,17.0,27.2,27.2,27.2,BMW_i3s 94
BMW,120 ah,2018,400,16.5,37.9,37.9,37.9,BMW_120 ah
BMW,edrive40,2021,400,15.7,11.0,80.7,80.7,BMW_edrive40
BMW,xdrive40,2021,400,19.7,11.0,71.0,71.0,BMW_xdrive40
BMW,xdrive50,2021,400,20.8,11.0,105.2,105.2,BMW_xdrive50
BMW,m50,2021,400,17.9,11.0,80.7,80.7,BMW_m50
BMW,m60,2022,400,21.7,11.0,105.2,105.2,BMW_m60
BMW,xdrive60,2022,400,19.9,11.0,101.7,101.7,BMW_xdrive60
BMW,xdrive30,2022,400,17.0,11.0,64.7,64.7,BMW_xdrive30
BMW,edrive35,2022,400,15.6,11.0,67.0,67.0,BMW_edrive35
BMW,m70 xdrive,2023,400,20.8,22.0,101.7,101.7,BMW_m70 xdrive
BMW,edrive50,2023,400,19.6,11.0,101.7,101.7,BMW_edrive50
BMW,edrive40 sedan,2023,400,17.3,11.0,81.2,81.2,BMW_edrive40 sedan
BMW,m60 xdrive sedan,2023,400,19.3,11.0,81.2,81.2,BMW_m60 xdrive sedan
BMW,edrive20,2023,400,16.6,11.0,64.7,64.7,BMW_edrive20
BMW,xdrive30,2023,400,16.8,11.0,64.7,64.7,BMW_xdrive30
BMW,xdrive40 sedan,2024,400,17.8,11.0,81.2,81.2,BMW_xdrive40 sedan
BMW,edrive20,2024,400,16.4,11.0,64.7,64.7,BMW_edrive20
BYD,HAN,2023,800,18.0,6.6,85.4,85.4,BYD_HAN
BYD,TANG,2022,800,24.3,7.4,86.4,86.4,BYD_TANG
BYD,Dolphin,2023,400,17.8,11.0,88.0,60.5,BYD_Dolphin
BYD,Dolphin,2023,400,17.6,7.4,60.0,44.9,BYD_Dolphin
BYD,Dolphin,2023,400,17.6,7.4,60.0,44.9,BYD_Dolphin
BYD,Seal,2023,800,16.8,11.0,150.0,82.5,BYD_Seal
BYD,Seal,2023,800,16.5,11.0,150.0,82.5,BYD_Seal
BYD,SEAL,2024,400,19.9,11.0,115.0,71.8,BYD_SEAL
BYD,DOLPHIN,2023,400,16.9,11.0,60.0,44.9,BYD_DOLPHIN
BYD,SEAL,2025,400,16.6,11.0,110.0,61.4,BYD_SEAL
BYD,ATTO 3,2022,400,18.55,11.0,89.0,60.5,BYD_ATTO 3
BYD,DOLPHIN,2023,400,17.3,11.0,60.0,44.9,BYD_DOLPHIN
BYD,DOLPHIN,2023,400,17.3,11.0,88.0,60.5,BYD_DOLPHIN
BYD,SEAL,2024,400,20.5,11.0,140.0,87.0,BYD_SEAL
BYD,3,2022,400,18.3,11.0,60.5,60.5,BYD_3
BYD,44.,2023,400,16.9,7.4,44.9,44.9,BYD_44.
BYD,44.,2023,400,17.3,7.4,44.9,44.9,BYD_44.
BYD,60.,2023,400,17.3,11.0,60.5,60.5,BYD_60.
BYD,82.,2023,800,17.2,11.0,82.5,82.5,BYD_82.
BYD,82.,2023,800,18.5,11.0,82.5,82.5,BYD_82.
BYD,SEAL U 87 kWh Design,2024,400,20.5,11.0,87.0,87.0,BYD_SEAL U 87 kWh Design
BYD,u 71.,2024,400,19.9,11.0,71.8,71.8,BYD_u 71.
BYD,flagship,2024,800,23.7,11.0,108.8,108.8,BYD_flagship
Cadillac,Lyriq 600 E4,2024,400,22.2,11.0,190.0,102.0,Cadillac_Lyriq 600 E4
Chevrolet,Bolt,2017,400,12.9,7.2,55.0,58.0,Chevrolet_Bolt
Chevrolet,Bolt,2020,400,12.9,7.2,55.0,66.0,Chevrolet_Bolt
Chevrolet,Spark EV,2015,400,14.0,3.3,50.0,19.0,Chevrolet_Spark EV
Chevrolet,Spark EV,2013,400,16.0,3.3,50.0,21.3,Chevrolet_Spark EV
Citroën,ë-C4,2021,400,16.0,7.4,46.3,46.3,Citroën_ë-C4
Citroën,e-C4,2021,400,16.0,11.0,101.0,46.3,Citroën_e-C4
Citroën,e-C4,2024,400,16.0,11.0,100.0,46.3,Citroën_e-C4
Citroën,e-C3 Aircross,2024,400,17.6,11.0,100.0,44.0,Citroën_e-C3 Aircross
Citroën,e-C4 X 54 kWh,2024,400,14.9,11.0,100.0,50.8,Citroën_e-C4 X 54 kWh
Citroën,e-C4 X,2024,400,15.7,11.0,100.0,46.3,Citroën_e-C4 X
Citroën,e-C4 54 kWh,2024,400,15.2,11.0,100.0,50.8,Citroën_e-C4 54 kWh
Citroën,C-Zero,2016,400,17.1,11.0,100.0,14.5,Citroën_C-Zero
Citroën,e-Berlingo M 50 kWh,2024,400,21.3,11.0,150.0,50.0,Citroën_e-Berlingo M 50 kWh
Citroën,e-SpaceTourer M 75 kWh,2024,400,26.2,11.0,150.0,68.0,Citroën_e-SpaceTourer M 75 kWh
Citroën,e-Jumpy Combi M 75 kWh,2020,400,25.7,11.0,100.0,68.0,Citroën_e-Jumpy Combi M 75 kWh
Citroën,e-Berlingo XL 50 kWh,2024,400,21.7,11.0,150.0,50.0,Citroën_e-Berlingo XL 50 kWh
Citroën,e-SpaceTourer M 50 kWh,2024,400,25.7,11.0,150.0,46.3,Citroën_e-SpaceTourer M 50 kWh
Citroën,E-Berlingo Multispace,2017,400,20.5,11.0,40.0,20.5,Citroën_E-Berlingo Multispace
Citroën,e-Jumpy Combi XL 75 kWh,2020,400,26.2,11.0,100.0,68.0,Citroën_e-Jumpy Combi XL 75 kWh
Citroën,e-SpaceTourer XL 75 kWh,2024,400,26.2,11.0,150.0,68.0,Citroën_e-SpaceTourer XL 75 kWh
Citroën,e-Jumpy Combi M 50 kWh,2020,400,25.0,11.0,150.0,46.3,Citroën_e-Jumpy Combi M 50 kWh
Citroën,e-SpaceTourer XL 50 kWh,2024,400,25.0,11.0,101.0,50.0,Citroën_e-SpaceTourer XL 50 kWh
Citroën,e-Jumpy Combi XL 50 kWh,2020,400,25.7,11.0,101.0,46.3,Citroën_e-Jumpy Combi XL 50 kWh
Citroën,e-SpaceTourer XS 50 kWh,2020,400,25.0,11.0,101.0,46.3,Citroën_e-SpaceTourer XS 50 kWh
Citroën,e-Jumpy Combi XS 50 kWh,2020,400,25.0,11.0,101.0,46.3,Citroën_e-Jumpy Combi XS 50 kWh
Citroën,C-Zero,2011,400,17.1,11.0,100.0,14.5,Citroën_C-Zero
Citroën,E-Berlingo,2017,400,20.5,20.5,20.5,20.5,Citroën_E-Berlingo
Citroën,xs,2020,400,25.0,11.0,46.3,46.3,Citroën_xs
Citroën,xl,2020,400,25.7,11.0,46.3,46.3,Citroën_xl
Citroën,m,2021,400,25.7,11.0,68.0,68.0,Citroën_m
Citroën,xl,2021,400,26.2,11.0,68.0,68.0,Citroën_xl
Citroën,m,2021,400,22.6,11.0,46.3,46.3,Citroën_m
Citroën,xl,2021,400,22.6,11.0,46.3,46.3,Citroën_xl
Citroën,combi xs,2020,400,25.0,11.0,46.3,46.3,Citroën_combi xs
Citroën,combi m,2020,400,25.0,11.0,46.3,46.3,Citroën_combi m
Citroën,combi xl,2020,400,25.7,11.0,46.3,46.3,Citroën_combi xl
Citroën,combi m,2020,400,25.7,11.0,68.0,68.0,Citroën_combi m
Citroën,combi xl,2020,400,26.2,11.0,68.0,68.0,Citroën_combi xl
Citroën,x,2022,400,16.2,7.4,46.3,46.3,Citroën_x
Citroën,54kwh,2023,400,15.4,11.0,50.8,50.8,Citroën_54kwh
Citroën,x,2023,400,15.4,11.0,50.8,50.8,Citroën_x
Citroën,e-C3,2024,400,16.9,7.4,44.0,44.0,Citroën_e-C3
CUPRA,Born,2021,400,16.4,7.2,100.0,45.0,CUPRA_Born
CUPRA,Born,2021,400,16.6,11.0,100.0,58.0,CUPRA_Born
CUPRA,Born,2022,400,16.8,11.0,100.0,58.0,CUPRA_Born
CUPRA,Born,2021,400,17.1,11.0,125.0,77.0,CUPRA_Born
CUPRA,Tavascan,2024,400,17.1,11.0,135.0,77.0,CUPRA_Tavascan
CUPRA,Tavascan,2024,400,17.9,11.0,175.0,77.0,CUPRA_Tavascan
CUPRA,Born 170 kW - 77 kWh,2024,400,16.7,11.0,175.0,77.0,CUPRA_Born 170 kW - 77 kWh
CUPRA,Born VZ,2024,400,17.0,11.0,185.0,79.0,CUPRA_Born VZ
CUPRA,Born 170 kW - 59 kWh,2024,400,16.4,11.0,165.0,59.0,CUPRA_Born 170 kW - 59 kWh
CUPRA,Born 170 kW - 58 kWh,2022,400,16.8,11.0,124.0,58.0,CUPRA_Born 170 kW - 58 kWh
CUPRA,Born 150 kW - 58 kWh,2021,400,16.6,11.0,124.0,58.0,CUPRA_Born 150 kW - 58 kWh
CUPRA,150kw-,2021,400,16.6,11.0,58.0,58.0,CUPRA_150kw-
CUPRA,170kw-,2022,400,16.8,11.0,58.0,58.0,CUPRA_170kw-
CUPRA,170kw-,2022,400,17.1,11.0,77.0,77.0,CUPRA_170kw-
CUPRA,endurance,2024,400,17.3,11.0,77.0,77.0,CUPRA_endurance
CUPRA,Tavascan VZ,2024,400,18.1,11.0,77.0,77.0,CUPRA_Tavascan VZ
Dacia,Spring Electric,2021,400,15.8,6.6,34.0,26.8,Dacia_Spring Electric
Dacia,Spring Electric 45,2024,400,15.2,11.0,34.0,25.0,Dacia_Spring Electric 45
Dacia,Spring Electric 65,2024,400,15.6,11.0,34.0,25.0,Dacia_Spring Electric 65
Dacia,Spring Electric 65 Extreme,2023,400,15.6,11.0,34.0,25.0,Dacia_Spring Electric 65 Extreme
Dacia,electric,2021,400,15.6,6.6,25.0,25.0,Dacia_electric
Dacia,electric 45,2022,400,15.2,6.6,25.0,25.0,Dacia_electric 45
Dacia,electric 65 extreme,2023,400,15.6,6.6,25.0,25.0,Dacia_electric 65 extreme
DS,crossback e-tense,2020,400,81.1,3.0,46.3,46.3,DS_crossback e-tense
DS,3 Crossback E-Tense,2020,400,18.4,11.0,100.0,46.0,DS_3 Crossback E-Tense
DS,3 Crossback E-Tense,2020,400,18.4,7.4,100.0,46.0,DS_3 Crossback E-Tense
DS,N°8 FWD Long Range,2024,400,17.5,11.0,200.0,97.2,DS_N°8 FWD Long Range
DS,N°8 AWD Long Range,2024,400,18.2,11.0,200.0,97.2,DS_N°8 AWD Long Range
DS,3 E-Tense,2022,400,16.9,85.0,100.0,50.8,DS_3 E-Tense
DS,3 Crossback E-Tense,2021,400,17.5,78.0,101.0,46.3,DS_3 Crossback E-Tense
DS,N°8 FWD,2024,400,17.4,11.0,160.0,74.0,DS_N°8 FWD
DS,crossback e-tense,2021,400,17.5,3.0,46.3,46.3,DS_crossback e-tense
DS,e-tense,2022,400,16.9,11.0,50.8,50.8,DS_e-tense
Dongfeng,Box 42.3 kWh,2024,400,15.7,11.0,60.0,40.0,Dongfeng_Box 42.3 kWh
Dongfeng,Box 31.4 kWh,2025,400,15.3,11.0,57.0,29.0,Dongfeng_Box 31.4 kWh
e.GO Mobile,x,2022,400,18.0,11.0,27.0,27.0,e.GO Mobile_x
Elaris,BEO 86 kWh,2023,400,20.8,11.0,100.0,81.0,Elaris_BEO 86 kWh
Elaris,86kwh,2023,400,20.8,11.0,81.0,81.0,Elaris_86kwh
Fiat,500e,2013,400,13.5,6.6,40.0,21.3,Fiat_500e
Fiat,500e,2021,400,15.8,6.6,50.0,21.3,Fiat_500e
Fiat,500e,2020,400,15.9,11.0,85.0,37.3,Fiat_500e
Fiat,600e,2023,400,16.4,11.0,50.8,50.8,Fiat_600e
Fiat,E-Ulysse L2 75 kWh,2022,400,25.7,11.0,100.0,68.0,Fiat_E-Ulysse L2 75 kWh
Fiat,E-Ulysse L2 50 kWh,2022,400,25.0,11.0,101.0,46.3,Fiat_E-Ulysse L2 50 kWh
Fiat,E-Ulysse L3 75 kWh,2022,400,26.2,11.0,100.0,68.0,Fiat_E-Ulysse L3 75 kWh
Fiat,E-Ulysse L3 50 kWh,2022,400,25.7,11.0,101.0,46.3,Fiat_E-Ulysse L3 50 kWh
Fiat,Grande Panda,2024,400,16.8,11.0,100.0,43.8,Fiat_Grande Panda
Fiat,cabrio,2020,400,16.2,37.3,37.3,37.3,Fiat_cabrio
Fiat,hatchback,2020,400,15.9,42.0,37.3,37.3,Fiat_hatchback
Fiat,hatchback,2020,400,15.8,24.0,21.3,21.3,Fiat_hatchback
Fiat,3+1,2020,400,15.9,37.3,37.3,37.3,Fiat_3+1
Fiat,l2,2022,400,25.0,7.4,46.3,46.3,Fiat_l2
Fiat,l2,2022,400,25.7,7.4,68.0,68.0,Fiat_l2
Fiat,l3,2022,400,25.7,7.4,46.3,46.3,Fiat_l3
Fiat,l3,2022,400,26.2,7.4,68.0,68.0,Fiat_l3
Fiat,3+1,2022,400,15.8,11.0,21.3,21.3,Fiat_3+1
Fiat,cabrio,2022,400,15.8,11.0,21.3,21.3,Fiat_cabrio
Fisker,Ocean One,2023,400,20.1,11.0,250.0,106.5,Fisker_Ocean One
Fisker,Ocean Ultra,2023,400,20.9,11.0,250.0,106.5,Fisker_Ocean Ultra
Fisker,Ocean Sport,2023,400,20.3,11.0,200.0,71.0,Fisker_Ocean Sport
Fisker,Ocean Extreme,2023,400,21.7,11.0,250.0,106.5,Fisker_Ocean Extreme
Fisker,sport,2023,400,20.3,11.0,71.0,71.0,Fisker_sport
Fisker,ultra,2023,400,20.9,11.0,106.5,106.5,Fisker_ultra
Fisker,extreme,2023,400,21.7,11.0,106.5,106.5,Fisker_extreme
Fisker,one,2023,400,20.1,11.0,106.5,106.5,Fisker_one
Ford,Focus electric,2017,400,16.4,6.6,50.0,33.5,Ford_Focus electric
Ford,Focus electric,2013,400,16.4,6.6,150.0,23.0,Ford_Focus electric
Ford,Mustang Mach e,2022,400,17.9,11.0,113.0,70.0,Ford_Mustang Mach e
Ford,Mustang Mach e,2022,400,18.1,11.0,148.0,88.0,Ford_Mustang Mach e
Ford,Mustang Mach e,2022,400,20.0,11.0,148.0,88.0,Ford_Mustang Mach e
Ford,Mustang Mach e,2022,400,16.5,11.0,113.0,70.0,Ford_Mustang Mach e
Ford,Mustang Mach e,2022,400,16.5,11.0,148.0,88.0,Ford_Mustang Mach e
Ford,Puma Gen-E,2024,400,15.9,11.0,100.0,43.6,Ford_Puma Gen-E
Ford,Capri Extended Range RWD,2024,400,16.9,11.0,135.0,77.0,Ford_Capri Extended Range RWD
Ford,Mustang Mach-E ER RWD,2024,400,19.0,11.0,150.0,91.0,Ford_Mustang Mach-E ER RWD
Ford,Capri Extended Range AWD,2024,400,17.4,11.0,185.0,79.0,Ford_Capri Extended Range AWD
Ford,Explorer Extended Range AWD,2024,400,18.0,11.0,185.0,79.0,Ford_Explorer Extended Range AWD
Ford,Mustang Mach-E ER AWD,2024,400,20.7,115.0,150.0,91.0,Ford_Mustang Mach-E ER AWD
Ford,Capri Standard Range RWD,2024,400,16.3,11.0,145.0,52.0,Ford_Capri Standard Range RWD
Ford,Explorer Extended Range RWD,2024,400,17.7,11.0,135.0,77.0,Ford_Explorer Extended Range RWD
Ford,Explorer Standard Range RWD,2024,400,17.0,11.0,145.0,52.0,Ford_Explorer Standard Range RWD
Ford,Mustang Mach-E SR RWD,2024,400,18.9,95.0,150.0,72.6,Ford_Mustang Mach-E SR RWD
Ford,Mustang Mach-E Rally,2024,400,22.2,11.0,150.0,91.0,Ford_Mustang Mach-E Rally
Ford,Mustang Mach-E SR AWD,2024,400,20.7,95.0,150.0,72.6,Ford_Mustang Mach-E SR AWD
Ford,Focus Electric,2013,400,18.6,11.0,150.0,19.6,Ford_Focus Electric
Ford,mach-e sr rwd,2021,400,18.6,11.0,68.0,68.0,Ford_mach-e sr rwd
Ford,mach-e er rwd,2021,400,18.9,11.0,88.0,88.0,Ford_mach-e er rwd
Ford,mach-e sr,2021,400,20.3,11.0,68.0,68.0,Ford_mach-e sr
Ford,mach-e er,2021,400,20.5,11.0,88.0,88.0,Ford_mach-e er
Ford,mach-e,2021,400,21.5,11.0,88.0,88.0,Ford_mach-e
Ford,mach-e sr rwd,2022,400,18.7,11.0,70.0,70.0,Ford_mach-e sr rwd
Ford,mach-e er rwd,2022,400,19.0,11.0,91.0,91.0,Ford_mach-e er rwd
Ford,mach-e sr,2022,400,20.3,11.0,70.0,70.0,Ford_mach-e sr
Ford,mach-e er,2022,400,20.7,11.0,91.0,91.0,Ford_mach-e er
Ford,mach-e,2022,400,21.4,11.0,91.0,91.0,Ford_mach-e
Ford,mach-e sr rwd,2023,400,19.1,11.0,72.6,72.6,Ford_mach-e sr rwd
Ford,mach-e er rwd,2023,400,19.0,11.0,91.0,91.0,Ford_mach-e er rwd
Ford,mach-e sr,2023,400,20.7,11.0,72.6,72.6,Ford_mach-e sr
Ford,mach-e er,2023,400,20.7,11.0,91.0,91.0,Ford_mach-e er
Ford,mach-e,2023,400,21.4,11.0,91.0,91.0,Ford_mach-e
GWM,ORA 03,2024,400,17.5,11.0,64.0,45.4,GWM_ORA 03
GWM,ORA 03,2024,400,17.4,11.0,69.0,59.3,GWM_ORA 03
GWM,ORA 03,2024,400,18.2,11.0,69.0,59.3,GWM_ORA 03
GWM,ORA 07,2024,400,19.4,11.0,88.0,83.5,GWM_ORA 07
GWM,ORA 07,2024,400,18.4,11.0,88.0,64.3,GWM_ORA 07
GWM,ORA 07,2024,400,18.4,11.0,88.0,64.3,GWM_ORA 07
GWM,ORA 03 48 kWh,2024,400,17.5,11.0,45.4,45.4,GWM_ORA 03 48 kWh
GWM,ORA 03 63 kWh,2024,400,17.4,11.0,59.3,59.3,GWM_ORA 03 63 kWh
GWM,ORA 03 GT,2024,400,18.2,11.0,59.3,59.3,GWM_ORA 03 GT
Genesis,G80,2023,800,18.8,11.0,230.0,82.5,Genesis_G80
Genesis,GV60,2022,800,19.0,11.0,233.0,74.0,Genesis_GV60
Genesis,GV60,2022,800,19.5,11.0,233.0,74.0,Genesis_GV60
Genesis,GV60,2022,800,20.3,11.0,233.0,74.0,Genesis_GV60
Genesis,GV70,2023,800,21.1,11.0,233.0,74.0,Genesis_GV70
Genesis,premium,2022,800,19.0,11.0,74.0,74.0,Genesis_premium
Genesis,sport,2022,800,19.5,11.0,74.0,74.0,Genesis_sport
Genesis,sport plus,2022,800,20.3,11.0,74.0,74.0,Genesis_sport plus
Genesis,electrified luxury,2022,800,18.8,11.0,82.5,82.5,Genesis_electrified luxury
Genesis,electrified sport,2022,800,21.1,11.0,74.0,74.0,Genesis_electrified sport
Honda,e,2020,400,16.8,6.6,28.5,28.5,Honda_e
Honda,e:Ny1,2023,400,18.5,11.0,61.9,61.9,Honda_e:Ny1
Honda,advance,2020,400,16.8,28.5,28.5,28.5,Honda_advance
Hongqi,E-HS9,2023,400,24.3,11.0,130.0,112.0,Hongqi_E-HS9
Hongqi,E-HS9 84 kWh,2022,400,23.9,11.0,140.0,76.5,Hongqi_E-HS9 84 kWh
Hongqi,E-HS9 99 kWh,2022,400,24.3,11.0,140.0,90.0,Hongqi_E-HS9 99 kWh
Hongqi,84kwh,2022,400,23.9,11.0,76.5,76.5,Hongqi_84kwh
Hongqi,99kwh,2022,400,24.3,11.0,90.0,90.0,Hongqi_99kwh
Hongqi,120kwh,2023,400,24.3,11.0,112.0,112.0,Hongqi_120kwh
Hyundai,IONIQ 5,2021,800,18.5,11.0,233.0,74.0,Hyundai_IONIQ 5
Hyundai,IONIQ 5,2021,800,19.4,11.0,221.0,72.6,Hyundai_IONIQ 5
Hyundai,IONIQ 5,2021,800,18.3,11.0,175.0,54.0,Hyundai_IONIQ 5
Hyundai,Ioniq,2019,400,15.3,7.2,46.0,38.3,Hyundai_Ioniq
Hyundai,Ioniq,2016,400,14.4,6.6,69.0,28.0,Hyundai_Ioniq
Hyundai,Kona,2020,400,15.4,11.0,50.0,39.2,Hyundai_Kona
Hyundai,Kona,2018,400,15.4,7.2,50.0,39.2,Hyundai_Kona
Hyundai,Kona,2020,400,15.8,11.0,77.0,64.0,Hyundai_Kona
Hyundai,Kona,2018,400,15.8,7.2,77.0,64.0,Hyundai_Kona
Hyundai,Kona Electric 48 kWh,2023,400,16.4,11.0,75.0,48.4,Hyundai_Kona Electric 48 kWh
Hyundai,Kona Electric 39 kWh,2021,400,16.0,11.0,44.0,39.2,Hyundai_Kona Electric 39 kWh
Hyundai,Kona Electric 64 kWh,2021,400,16.4,11.0,77.0,64.0,Hyundai_Kona Electric 64 kWh
Hyundai,Kona Electric 65 kWh,2023,400,16.8,11.0,105.0,65.4,Hyundai_Kona Electric 65 kWh
Hyundai,INSTER Long Range,2024,400,15.6,11.0,85.0,46.0,Hyundai_INSTER Long Range
Hyundai,INSTER Standard Range,2024,400,15.6,11.0,73.0,39.0,Hyundai_INSTER Standard Range
Hyundai,IONIQ,2016,400,14.7,28.0,28.0,28.0,Hyundai_IONIQ
Hyundai,Kona Electric 64,2018,400,16.4,11.0,64.0,64.0,Hyundai_Kona Electric 64
Hyundai,Kona Electric 39,2018,400,16.0,39.2,39.2,39.2,Hyundai_Kona Electric 39
Hyundai,electric,2019,400,15.3,38.3,38.3,38.3,Hyundai_electric
Hyundai,electric,2019,400,16.4,11.0,64.0,64.0,Hyundai_electric
Hyundai,electric,2019,400,16.0,39.2,39.2,39.2,Hyundai_electric
Hyundai,5 project 45,2021,800,19.2,11.0,70.0,70.0,Hyundai_5 project 45
Hyundai,electric,2021,400,16.0,39.2,39.2,39.2,Hyundai_electric
Hyundai,electric,2021,400,16.4,11.0,64.0,64.0,Hyundai_electric
Hyundai,5 standard range 2wd,2021,800,18.3,11.0,54.0,54.0,Hyundai_5 standard range 2wd
Hyundai,5 standard range,2021,800,18.6,11.0,54.0,54.0,Hyundai_5 standard range
Hyundai,5 long range 2wd,2021,800,18.9,11.0,70.0,70.0,Hyundai_5 long range 2wd
Hyundai,5 long range,2021,800,19.2,11.0,70.0,70.0,Hyundai_5 long range
Hyundai,5 long range 2wd,2022,800,19.0,11.0,74.0,74.0,Hyundai_5 long range 2wd
Hyundai,5 long range,2022,800,19.2,11.0,74.0,74.0,Hyundai_5 long range
Hyundai,6 standard range 2wd,2023,800,14.9,11.0,50.0,50.0,Hyundai_6 standard range 2wd
Hyundai,6 long range 2wd,2022,800,14.9,11.0,74.0,74.0,Hyundai_6 long range 2wd
Hyundai,6 long range,2022,800,16.8,11.0,74.0,74.0,Hyundai_6 long range
Hyundai,electric,2023,400,16.4,11.0,48.4,48.4,Hyundai_electric
Hyundai,electric,2023,400,16.8,11.0,65.4,65.4,Hyundai_electric
Hyundai,5 n,2023,800,20.5,11.0,80.0,80.0,Hyundai_5 n
JAC,iEV7s,2021,400,17.3,6.6,39.0,39.0,JAC_iEV7s
Jaguar,i-Pace,2018,400,23.2,7.4,105.0,84.0,Jaguar_i-Pace
Jaguar,i-Pace,2020,400,23.2,11.0,105.0,84.0,Jaguar_i-Pace
Jaguar,i-Pace,2020,400,23.2,11.0,105.0,84.0,Jaguar_i-Pace
Jaguar,I-Pace,2018,400,22.3,11.0,84.7,84.7,Jaguar_I-Pace
Jaguar,ev400,2020,400,22.3,11.0,84.7,84.7,Jaguar_ev400
Jaguar,ev320,2020,400,22.3,11.0,84.7,84.7,Jaguar_ev320
Jaguar,ev400,2023,400,22.3,11.0,84.7,84.7,Jaguar_ev400
Jeep,Avenger,2023,400,17.2,11.0,100.0,50.8,Jeep_Avenger
Jeep,Avenger Electric,2023,400,16.4,11.0,100.0,50.8,Jeep_Avenger Electric
Jeep,Avenger Electric 1st Edition,2023,400,16.4,11.0,100.0,50.8,Jeep_Avenger Electric 1st Edition
Jeep,electric 1st edition,2023,400,16.4,11.0,50.8,50.8,Jeep_electric 1st edition
Jeep,electric,2023,400,16.4,11.0,50.8,50.8,Jeep_electric
KGM,Torres EVX,2024,400,19.5,11.0,120.0,72.0,KGM_Torres EVX
Kia,EV6,2021,800,18.5,11.0,250.0,77.4,Kia_EV6
Kia,EV6,2021,800,17.3,11.0,175.0,58.0,Kia_EV6
Kia,EV9,2024,800,20.6,160.0,210.0,73.0,Kia_EV9
Kia,EV9,2023,800,21.3,11.0,210.0,96.0,Kia_EV9
Kia,EV9,2023,800,22.9,11.0,240.0,95.0,Kia_EV9
Kia,Niro EV,2022,400,17.1,11.0,80.0,68.4,Kia_Niro EV
Kia,Soul,2014,400,17.6,6.6,50.0,27.0,Kia_Soul
Kia,Soul,2014,400,17.6,6.6,50.0,30.0,Kia_Soul
Kia,e-Niro,2018,400,16.3,7.2,50.0,39.0,Kia_e-Niro
Kia,e-Niro,2020,400,16.3,11.0,50.0,39.0,Kia_e-Niro
Kia,e-Niro,2020,400,17.3,11.0,77.0,64.0,Kia_e-Niro
Kia,e-Niro,2018,400,17.3,7.2,77.0,64.0,Kia_e-Niro
Kia,e-Soul,2022,400,17.0,37.0,44.0,39.2,Kia_e-Soul
Kia,e-Soul,2019,400,17.0,11.0,50.0,39.0,Kia_e-Soul
Kia,e-Soul,2019,400,17.5,7.2,77.0,64.0,Kia_e-Soul
Kia,e-Soul,2020,400,17.5,11.0,77.0,64.0,Kia_e-Soul
Kia,EV3 Long Range,2024,400,17.1,11.0,135.0,78.0,Kia_EV3 Long Range
Kia,EV6 Long Range AWD,2024,400,17.8,11.0,263.0,80.0,Kia_EV6 Long Range AWD
Kia,EV6 GT,2025,400,20.8,11.0,263.0,80.0,Kia_EV6 GT
Kia,EV9 99.8 kWh AWD GT-Line,2023,400,22.6,11.0,209.0,96.0,Kia_EV9 99.8 kWh AWD GT-Line
Kia,Soul EV,2017,400,17.6,40.0,50.0,30.0,Kia_Soul EV
Kia,EV4 Hatchback Standard Range,2025,400,16.2,80.0,100.0,55.0,Kia_EV4 Hatchback Standard Range
Kia,EV4 Sedan Standard Range,2025,400,15.5,80.0,100.0,55.0,Kia_EV4 Sedan Standard Range
Kia,EV9 76.1 kWh RWD,2024,400,20.0,11.0,210.0,76.1,Kia_EV9 76.1 kWh RWD
Kia,e-Soul 39.2 kWh,2022,400,15.7,11.0,44.0,39.2,Kia_e-Soul 39.2 kWh
Kia,EV4 Hatchback Long Range,2025,400,16.4,105.0,135.0,78.0,Kia_EV4 Hatchback Long Range
Kia,EV4 Sedan Long Range,2025,400,14.8,11.0,135.0,72.8,Kia_EV4 Sedan Long Range
Kia,Soul,2017,400,17.6,30.0,30.0,30.0,Kia_Soul
Kia,e-Niro 64,2018,400,17.1,11.0,64.0,64.0,Kia_e-Niro 64
Kia,39kwh,2019,400,16.7,39.2,39.2,39.2,Kia_39kwh
Kia,64kwh,2020,400,17.1,11.0,64.0,64.0,Kia_64kwh
Kia,39kwh,2020,400,16.7,39.2,39.2,39.2,Kia_39kwh
Kia,gt,2022,800,20.6,11.0,74.0,74.0,Kia_gt
Kia,standard range 2wd,2021,800,17.7,11.0,54.0,54.0,Kia_standard range 2wd
Kia,long range 2wd,2021,800,18.0,11.0,74.0,74.0,Kia_long range 2wd
Kia,long range,2021,800,18.5,11.0,74.0,74.0,Kia_long range
Kia,ev,2022,400,16.8,11.0,64.8,64.8,Kia_ev
Kia,64kwh,2022,400,17.3,7.2,64.0,64.0,Kia_64kwh
Kia,39.,2022,400,17.0,7.2,39.2,39.2,Kia_39.
Kia,76.,2024,800,20.6,11.0,73.0,73.0,Kia_76.
Kia,99.,2023,800,21.3,11.0,96.0,96.0,Kia_99.
Kia,99.,2023,800,22.1,11.0,96.0,96.0,Kia_99.
Kia,99.,2023,800,22.6,11.0,96.0,96.0,Kia_99.
Lancia,Ypsilon,2024,400,15.5,11.0,100.0,48.1,Lancia_Ypsilon
Leapmotor,C10,2024,400,19.7,11.0,84.0,69.9,Leapmotor_C10
Leapmotor,T03,2024,400,13.6,11.0,48.0,37.3,Leapmotor_T03
Lexus,RZ 450e,2022,400,19.6,11.0,150.0,71.4,Lexus_RZ 450e
Lexus,RZ 300e,2023,400,17.5,11.0,147.0,64.0,Lexus_RZ 300e
Lexus,UX 300e,2023,400,18.8,11.0,50.0,64.0,Lexus_UX 300e
Lexus,300e,2020,400,19.1,11.0,45.0,45.0,Lexus_300e
Lexus,450e,2023,400,18.3,6.6,64.0,64.0,Lexus_450e
Lexus,300e,2023,400,18.8,6.6,64.0,64.0,Lexus_300e
Lightyear,0,2022,400,10.9,11.0,100.0,60.0,Lightyear_0
Lotus,Eletre,2023,800,22.0,22.0,109.0,109.0,Lotus_Eletre
Lotus,Eletre,2024,400,22.7,22.0,100.0,109.0,Lotus_Eletre
Lotus,Emeya,2024,400,18.5,11.0,350.0,102.0,Lotus_Emeya
Lotus,Eletre R,2023,400,22.5,11.0,367.0,112.0,Lotus_Eletre R
Lotus,Emeya R,2024,400,20.0,11.0,350.0,102.0,Lotus_Emeya R
Lotus,Emeya S,2024,400,17.9,11.0,350.0,102.0,Lotus_Emeya S
Lotus,r,2023,800,24.0,22.0,109.0,109.0,Lotus_r
Lotus,Eletre S,2023,800,22.7,22.0,109.0,109.0,Lotus_Eletre S
Lucid,Air,2022,400,17.0,22.0,300.0,118.0,Lucid_Air
Lucid,Air Grand Touring,2023,400,16.8,11.0,253.0,112.0,Lucid_Air Grand Touring
Lucid,Air Touring,2023,400,15.9,11.0,200.0,92.0,Lucid_Air Touring
Lucid,Air Pure RWD,2024,400,14.9,11.0,200.0,92.0,Lucid_Air Pure RWD
Lucid,Air Dream Edition P,2022,400,19.2,11.0,300.0,118.0,Lucid_Air Dream Edition P
Lucid,Air Pure AWD,2023,400,15.6,11.0,200.0,92.0,Lucid_Air Pure AWD
Lucid,Air Dream Edition,2022,800,17.7,11.0,118.0,118.0,Lucid_Air Dream Edition
Lucid,grand touring,2023,800,16.8,11.0,112.0,112.0,Lucid_grand touring
Lucid,touring,2023,800,15.9,11.0,92.0,92.0,Lucid_touring
Lucid,pure,2023,800,16.4,11.0,92.0,92.0,Lucid_pure
Lucid,dream edition r,2022,800,17.2,22.0,118.0,118.0,Lucid_dream edition r
MAN,e TGE,2020,400,30.9,7.2,40.0,35.8,MAN_e TGE
MG,MG4 EV,2023,400,17.5,11.0,144.0,74.4,MG_MG4 EV
MG,MG4 EV,2022,400,16.9,11.0,135.0,61.7,MG_MG4 EV
MG,MG4 EV,2022,400,16.9,6.6,117.0,50.8,MG_MG4 EV
MG,MG4 EV,2023,400,19.3,11.0,140.0,61.7,MG_MG4 EV
MG,MG5 EV,2020,400,16.5,6.6,80.0,48.8,MG_MG5 EV
MG,MG5 EV,2022,400,17.5,11.0,80.0,57.0,MG_MG5 EV
MG,Marvel R,2021,400,19.1,11.0,94.0,65.0,MG_Marvel R
MG,Marvel R,2021,400,19.7,11.0,94.0,65.0,MG_Marvel R
MG,ZS EV,2022,400,18.5,11.0,94.0,69.9,MG_ZS EV
MG,ZS EV,2020,400,18.5,11.0,76.0,68.3,MG_ZS EV
MG,ZS EV,2020,400,18.5,6.6,80.0,48.0,MG_ZS EV
MG,MG5 Electric Long Range,2022,400,17.1,11.0,87.0,57.4,MG_MG5 Electric Long Range
MG,MG4 Electric 51 kWh,2022,400,16.9,11.0,87.0,50.8,MG_MG4 Electric 51 kWh
MG,Cyberster GT,2024,400,18.6,11.0,144.0,74.4,MG_Cyberster GT
MG,MG4 Electric 77 kWh,2023,400,17.5,11.0,144.0,74.4,MG_MG4 Electric 77 kWh
MG,MG4 Electric XPOWER,2023,400,19.3,11.0,142.0,61.7,MG_MG4 Electric XPOWER
MG,MG5 Electric Standard Range,2022,400,17.4,11.0,63.0,46.0,MG_MG5 Electric Standard Range
MG,MGS5  EV 64 kWh,2025,400,17.5,11.0,139.0,64.0,MG_MGS5  EV 64 kWh
MG,Cyberster Trophy,2024,400,18.3,11.0,144.0,77.0,MG_Cyberster Trophy
MG,MGS5  EV 49 kWh,2025,400,16.8,11.0,120.0,49.0,MG_MGS5  EV 49 kWh
MG,MG4 Electric 64 kWh,2022,400,17.0,11.0,142.0,64.0,MG_MG4 Electric 64 kWh
MG,ev,2019,400,19.3,42.5,42.5,42.5,MG_ev
MG,ev,2020,400,16.8,11.0,48.8,48.8,MG_ev
MG,electric long range,2022,400,17.1,11.0,57.4,57.4,MG_electric long range
MG,r,2021,400,20.0,11.0,70.0,70.0,MG_r
MG,r,2021,400,19.2,11.0,70.0,70.0,MG_r
MG,ev long range,2020,400,16.9,11.0,57.4,57.4,MG_ev long range
MG,ev standard range,2021,400,18.5,11.0,49.0,49.0,MG_ev standard range
MG,ev long range,2021,400,18.5,11.0,68.3,68.3,MG_ev long range
MG,electric standard range,2022,400,17.4,11.0,46.0,46.0,MG_electric standard range
MG,electric,2022,400,16.9,6.6,50.8,50.8,MG_electric
MG,electric,2022,400,17.1,6.6,61.7,61.7,MG_electric
MG,electric xpower,2023,400,19.3,6.6,61.7,61.7,MG_electric xpower
MG,electric,2023,400,17.5,6.6,74.4,74.4,MG_electric
Maserati,GranTurismo,2024,400,19.5,22.0,270.0,83.0,Maserati_GranTurismo
Maserati,Grecale,2024,400,23.5,22.0,150.0,95.0,Maserati_Grecale
Maserati,GranCabrio Folgore,2024,400,22.7,11.0,270.0,83.0,Maserati_GranCabrio Folgore
Maserati,folgore,2024,800,19.8,22.0,83.0,83.0,Maserati_folgore
Maxus,EV80,2018,400,35.0,6.6,28.0,56.0,Maxus_EV80
Maxus,MIFA 9,2023,400,23.0,11.0,114.0,84.0,Maxus_MIFA 9
Maxus,9,2023,400,23.0,11.0,84.0,84.0,Maxus_9
Mazda,MX-30,2022,400,17.6,11.0,30.0,30.0,Mazda_MX-30
Mazda,6e Long Range,2025,400,17.0,11.0,95.0,75.0,Mazda_6e Long Range
Mazda,6e,2025,400,17.8,11.0,200.0,86.0,Mazda_6e
Mercedes,B-Klasse,2014,400,16.6,11.0,150.0,28.0,Mercedes_B-Klasse
Mercedes,EQA,2021,400,17.7,11.0,99.0,66.6,Mercedes_EQA
Mercedes,EQB,2023,400,17.0,11.0,102.0,70.5,Mercedes_EQB
Mercedes,EQC,2020,400,21.6,11.0,125.0,80.0,Mercedes_EQC
Mercedes,EQC,2019,400,21.6,7.4,125.0,80.0,Mercedes_EQC
Mercedes,EQE,2023,400,20.2,11.0,173.0,96.0,Mercedes_EQE
Mercedes,EQS,2022,400,16.6,11.0,170.0,90.6,Mercedes_EQS
Mercedes,EQS,2021,400,16.8,11.0,204.0,107.8,Mercedes_EQS
Mercedes,EQS,2021,400,17.7,11.0,204.0,107.8,Mercedes_EQS
Mercedes,EQS,2021,400,17.7,11.0,204.0,107.8,Mercedes_EQS
Mercedes,EQS,2022,400,20.7,11.0,204.0,107.8,Mercedes_EQS
Mercedes,EQS,2022,400,19.8,11.0,204.0,107.8,Mercedes_EQS
Mercedes,EQS,2022,400,17.7,11.0,204.0,107.8,Mercedes_EQS
Mercedes,EQV,2020,400,27.3,11.0,110.0,90.0,Mercedes_EQV
Mercedes,eVito,2019,400,26.2,7.2,150.0,41.0,Mercedes_eVito
Mercedes,CLA,2025,400,15.0,11.0,320.0,85.0,Mercedes_CLA
Mercedes,EQE,2024,400,17.3,11.0,173.0,96.0,Mercedes_EQE
Mercedes,EQA,2023,400,16.8,11.0,102.0,70.5,Mercedes_EQA
Mercedes,G 580,2024,400,32.2,11.0,200.0,116.0,Mercedes_G 580
Mercedes,EQS,2024,400,17.1,11.0,200.0,118.0,Mercedes_EQS
Mercedes,EQS,2024,400,18.4,11.0,200.0,118.0,Mercedes_EQS
Mercedes,EQS,2023,400,22.3,11.0,200.0,118.0,Mercedes_EQS
Mercedes,B 250e,2015,400,18.7,11.0,150.0,28.0,Mercedes_B 250e
Mercedes,EQV,2024,400,28.6,11.0,110.0,90.0,Mercedes_EQV
Mercedes,EQB,2023,400,19.3,11.0,112.0,66.5,Mercedes_EQB
Mercedes,EQS,2024,400,24.1,11.0,200.0,118.0,Mercedes_EQS
Mercedes,EQB,2023,400,19.3,11.0,112.0,66.5,Mercedes_EQB
Mercedes,EQS,2023,400,22.3,11.0,200.0,118.0,Mercedes_EQS
Mercedes,EQA,2023,400,16.8,11.0,112.0,66.5,Mercedes_EQA
Mercedes,EQS,2021,400,16.8,11.0,173.0,90.6,Mercedes_EQS
Mercedes,EQB,2022,400,18.3,11.0,113.0,66.5,Mercedes_EQB
Mercedes,EQE,2024,400,17.0,11.0,170.0,89.0,Mercedes_EQE
Mercedes,EQE,2024,400,17.6,11.0,173.0,90.6,Mercedes_EQE
Mercedes,400,2019,400,21.6,11.0,80.0,80.0,Mercedes_400
Mercedes,250,2021,400,18.5,11.0,66.5,66.5,Mercedes_250
Mercedes,300 long,2020,400,29.0,11.0,90.0,90.0,Mercedes_300 long
Mercedes,300 extra-long,2020,400,29.0,11.0,90.0,90.0,Mercedes_300 extra-long
Mercedes,400,2020,400,21.6,11.0,80.0,80.0,Mercedes_400
Mercedes,450+,2021,400,17.0,11.0,107.8,107.8,Mercedes_450+
Mercedes,580,2021,400,18.1,11.0,107.8,107.8,Mercedes_580
Mercedes,350,2022,400,17.9,11.0,90.6,90.6,Mercedes_350
Mercedes,300,2021,400,19.0,11.0,66.5,66.5,Mercedes_300
Mercedes,350,2021,400,19.0,11.0,66.5,66.5,Mercedes_350
Mercedes,amg 53,2022,400,19.9,11.0,90.6,90.6,Mercedes_amg 53
Mercedes,350+,2022,400,17.3,11.0,90.6,90.6,Mercedes_350+
Mercedes,250 long,2021,400,29.3,11.0,60.0,60.0,Mercedes_250 long
Mercedes,250 extra-long,2021,400,29.3,11.0,60.0,60.0,Mercedes_250 extra-long
Mercedes,300,2022,400,19.6,11.0,66.5,66.5,Mercedes_300
Mercedes,350,2021,400,16.8,11.0,90.6,90.6,Mercedes_350
Mercedes,tourer long,2019,400,29.2,35.0,35.0,35.0,Mercedes_tourer long
Mercedes,tourer extra-long,2019,400,29.2,35.0,35.0,35.0,Mercedes_tourer extra-long
Mercedes,tourer long,2020,400,29.0,11.0,90.0,90.0,Mercedes_tourer long
Mercedes,tourer extra-long,2020,400,29.5,11.0,90.0,90.0,Mercedes_tourer extra-long
Mercedes,tourer long,2022,400,28.6,11.0,60.0,60.0,Mercedes_tourer long
Mercedes,tourer extra-long,2022,400,29.3,11.0,60.0,60.0,Mercedes_tourer extra-long
Mercedes,amg 43,2022,400,19.9,11.0,90.6,90.6,Mercedes_amg 43
Mercedes,250,2022,400,16.8,11.0,66.5,66.5,Mercedes_250
Mercedes,250+,2022,400,17.2,11.0,70.5,70.5,Mercedes_250+
Mercedes,suv 450+,2022,400,21.7,11.0,108.4,108.4,Mercedes_suv 450+
Mercedes,suv 450,2022,400,22.1,11.0,108.4,108.4,Mercedes_suv 450
Mercedes,suv 580,2022,400,22.4,11.0,108.4,108.4,Mercedes_suv 580
Mercedes,450,2022,400,17.8,11.0,107.8,107.8,Mercedes_450
Mercedes,500,2022,400,18.3,11.0,107.8,107.8,Mercedes_500
Mercedes,300,2022,400,17.3,11.0,89.0,89.0,Mercedes_300
Mercedes,350,2022,400,17.5,11.0,89.0,89.0,Mercedes_350
Mercedes,suv 350+,2022,400,20.1,11.0,90.6,90.6,Mercedes_suv 350+
Mercedes,suv 350,2022,400,20.9,11.0,89.0,89.0,Mercedes_suv 350
Mercedes,suv 500,2022,400,20.8,11.0,90.6,90.6,Mercedes_suv 500
Mercedes,suv amg 43,2022,400,21.3,22.0,90.6,90.6,Mercedes_suv amg 43
Mercedes,suv amg 53,2023,400,21.6,22.0,90.6,90.6,Mercedes_suv amg 53
Mercedes,300,2023,400,17.0,11.0,89.0,89.0,Mercedes_300
Mercedes,350,2023,400,17.3,11.0,89.0,89.0,Mercedes_350
Mercedes,350,2023,400,17.5,11.0,89.0,89.0,Mercedes_350
Mercedes,500,2023,400,17.9,11.0,90.6,90.6,Mercedes_500
Mercedes,amg 43,2023,400,20.1,11.0,90.6,90.6,Mercedes_amg 43
Mercedes,amg 53,2023,400,20.1,11.0,90.6,90.6,Mercedes_amg 53
Mercedes,200 standard,2023,400,20.0,22.0,45.0,45.0,Mercedes_200 standard
Mercedes,250,2023,400,16.8,11.0,66.5,66.5,Mercedes_250
Mercedes,250+,2023,400,17.0,11.0,70.5,70.5,Mercedes_250+
Mercedes,300,2023,400,19.3,11.0,66.5,66.5,Mercedes_300
Mercedes,350+,2023,400,17.1,11.0,90.6,90.6,Mercedes_350+
Mercedes,suv 300,2023,400,20.2,11.0,89.0,89.0,Mercedes_suv 300
Mercedes,450+,2023,400,17.1,11.0,108.4,108.4,Mercedes_450+
Mercedes,450,2023,400,17.8,11.0,108.4,108.4,Mercedes_450
Mercedes,580,2023,400,18.4,11.0,108.4,108.4,Mercedes_580
Mercedes,suv 350+,2023,400,20.2,11.0,96.0,96.0,Mercedes_suv 350+
Mercedes,suv 350,2023,400,20.8,11.0,90.6,90.6,Mercedes_suv 350
Mercedes,suv 500,2023,400,21.1,11.0,96.0,96.0,Mercedes_suv 500
Mercedes,suv maybach 680,2024,400,24.1,22.0,118.0,118.0,Mercedes_suv maybach 680
Mercedes,suv 450+,2023,400,21.9,11.0,118.0,118.0,Mercedes_suv 450+
Mercedes,suv 450,2023,400,22.3,11.0,118.0,118.0,Mercedes_suv 450
Mercedes,suv 580,2023,400,22.3,11.0,118.0,118.0,Mercedes_suv 580
Mini,Aceman,2024,400,16.7,11.0,70.0,38.5,Mini_Aceman
Mini,Aceman,2024,400,17.6,11.0,95.0,49.2,Mini_Aceman
Mini,Aceman,2024,400,17.0,11.0,95.0,49.2,Mini_Aceman
Mini,Cooper,2024,400,14.6,11.0,70.0,36.6,Mini_Cooper
Mini,Cooper,2024,400,17.0,11.0,95.0,49.2,Mini_Cooper
Mini,Cooper,2024,400,14.9,11.0,95.0,49.2,Mini_Cooper
Mini,Cooper SE,2020,400,16.1,11.0,50.0,28.9,Mini_Cooper SE
Mini,Countryman,2024,400,17.0,11.0,128.0,64.6,Mini_Countryman
Mini,Countryman,2024,400,17.7,11.0,128.0,64.6,Mini_Countryman
Mini,Cooper SE Convertible,2023,400,14.5,11.0,49.0,32.6,Mini_Cooper SE Convertible
Mini,se,2020,400,16.1,28.9,28.9,28.9,Mini_se
Mini,se,2021,400,16.1,28.9,28.9,28.9,Mini_se
Mini,se convertible,2023,400,17.5,11.0,28.9,28.9,Mini_se convertible
Mini,Countryman E,2024,400,17.0,11.0,64.6,64.6,Mini_Countryman E
Mini,se all4,2024,400,17.7,11.0,64.6,64.6,Mini_se all4
Mini,Cooper E,2023,400,14.6,11.0,36.6,36.6,Mini_Cooper E
Mini,Cooper SE,2023,400,14.9,11.0,49.2,49.2,Mini_Cooper SE
Mitsubishi,i-Miev,2010,400,12.9,3.6,50.0,14.5,Mitsubishi_i-Miev
Mitsubishi,i-MiEV,2011,400,17.1,11.0,100.0,14.5,Mitsubishi_i-MiEV
Mitsubishi,i-MiEV,2015,400,17.1,11.0,100.0,14.5,Mitsubishi_i-MiEV
NIO,EL6,2023,400,20.5,11.0,125.0,90.0,NIO_EL6
NIO,EL6,2023,400,20.1,11.0,140.0,70.5,NIO_EL6
NIO,EL7,2022,400,20.9,11.0,140.0,90.0,NIO_EL7
NIO,EL7,2022,400,20.7,11.0,140.0,70.5,NIO_EL7
NIO,EL8,2024,400,21.4,11.0,240.0,90.0,NIO_EL8
NIO,EL8,2024,400,21.0,11.0,140.0,73.5,NIO_EL8
NIO,ET5,2022,400,18.2,11.0,140.0,90.0,NIO_ET5
NIO,ET5,2022,400,17.8,11.0,140.0,70.5,NIO_ET5
NIO,EL7 Long Range,2022,400,20.9,11.0,127.0,90.0,NIO_EL7 Long Range
NIO,ET7 Standard Range,2022,400,17.7,11.0,140.0,73.5,NIO_ET7 Standard Range
NIO,EL6 Long Range,2023,400,20.7,11.0,180.0,90.0,NIO_EL6 Long Range
NIO,ET7 Long Range,2022,400,17.8,11.0,127.0,90.0,NIO_ET7 Long Range
NIO,ET5 Touring Long Range,2023,400,18.0,11.0,180.0,100.0,NIO_ET5 Touring Long Range
NIO,ET5 Standard Range,2022,400,18.0,11.0,140.0,75.0,NIO_ET5 Standard Range
NIO,EL6 Standard Range,2023,400,19.5,11.0,140.0,75.0,NIO_EL6 Standard Range
NIO,ET5 Touring Standard Range,2023,400,18.0,11.0,140.0,75.0,NIO_ET5 Touring Standard Range
NIO,EL7 Standard Range,2022,400,20.5,11.0,140.0,75.0,NIO_EL7 Standard Range
NIO,standard range,2022,400,20.7,11.0,73.5,73.5,NIO_standard range
NIO,long range,2022,400,20.9,11.0,90.0,90.0,NIO_long range
NIO,touring standard range,2023,400,18.4,11.0,73.5,73.5,NIO_touring standard range
NIO,touring long range,2023,400,18.6,11.0,90.0,90.0,NIO_touring long range
NIO,standard range,2023,400,20.1,11.0,73.5,73.5,NIO_standard range
NIO,long range,2023,400,20.7,11.0,90.0,90.0,NIO_long range
Nissan,Leaf,2022,400,16.6,3.6,39.0,39.0,Nissan_Leaf
Nissan,Ariya,2022,400,18.8,7.4,130.0,63.0,Nissan_Ariya
Nissan,Ariya,2022,400,19.6,22.0,130.0,87.0,Nissan_Ariya
Nissan,Ariya,2022,400,20.7,22.0,130.0,87.0,Nissan_Ariya
Nissan,Ariya,2022,400,22.6,22.0,130.0,87.0,Nissan_Ariya
Nissan,Leaf,2011,400,16.9,3.6,46.0,24.0,Nissan_Leaf
Nissan,Leaf,2011,400,16.9,6.6,46.0,24.0,Nissan_Leaf
Nissan,Leaf,2015,400,16.5,3.6,47.0,30.0,Nissan_Leaf
Nissan,Leaf,2015,400,16.5,6.6,47.0,30.0,Nissan_Leaf
Nissan,Leaf,2018,400,16.4,6.6,45.0,38.0,Nissan_Leaf
Nissan,Leaf,2019,400,17.2,6.6,100.0,62.0,Nissan_Leaf
Nissan,e-NV 200,2014,400,20.0,3.6,46.0,24.0,Nissan_e-NV 200
Nissan,e-NV 200,2014,400,20.0,6.6,46.0,24.0,Nissan_e-NV 200
Nissan,e-NV 200,2014,400,20.0,6.6,45.0,38.0,Nissan_e-NV 200
Nissan,Leaf e+,2022,400,17.4,11.0,46.0,59.0,Nissan_Leaf e+
Nissan,e-NV200 Evalia,2018,400,21.8,11.0,46.0,37.0,Nissan_e-NV200 Evalia
Nissan,Ariya e-4ORCE 87kWh - 225 kW,2022,400,21.5,11.0,130.0,87.0,Nissan_Ariya e-4ORCE 87kWh - 225 kW
Nissan,Townstar EV Passenger,2023,400,20.0,11.0,80.0,45.0,Nissan_Townstar EV Passenger
Nissan,Ariya e-4ORCE 87kWh - 320 kW Nismo,2024,400,22.6,11.0,130.0,87.0,Nissan_Ariya e-4ORCE 87kWh - 320 kW Nismo
Nissan,Townstar EV Passenger L2,2024,400,20.5,11.0,80.0,45.0,Nissan_Townstar EV Passenger L2
Nissan,Ariya e-4ORCE 87kWh - 290 kW,2023,400,21.5,11.0,130.0,87.0,Nissan_Ariya e-4ORCE 87kWh - 290 kW
Nissan,Leaf 24,2013,400,16.3,11.0,100.0,22.0,Nissan_Leaf 24
Nissan,Leaf 30,2015,400,16.5,11.0,100.0,28.0,Nissan_Leaf 30
Nissan,e-NV200,2014,400,21.0,11.0,100.0,22.0,Nissan_e-NV200
Nissan,Leaf,2018,400,16.6,39.0,39.0,39.0,Nissan_Leaf
Nissan,e-NV200,2018,400,21.8,37.0,37.0,37.0,Nissan_e-NV200
Nissan,e+,2019,400,17.1,11.0,59.0,59.0,Nissan_e+
Nissan,63kwh,2022,400,18.8,11.0,63.0,63.0,Nissan_63kwh
Nissan,87kwh,2022,400,19.3,11.0,87.0,87.0,Nissan_87kwh
Nissan,e-4orce,2022,400,21.5,11.0,87.0,87.0,Nissan_e-4orce
Nissan,e-4orce,2023,400,21.5,11.0,87.0,87.0,Nissan_e-4orce
Nissan,e+,2022,400,17.4,6.6,59.0,59.0,Nissan_e+
Nissan,ev passenger,2023,400,20.0,11.0,45.0,45.0,Nissan_ev passenger
ORA,Funky Cat GT,2023,400,18.0,11.0,69.0,59.3,ORA_Funky Cat GT
ORA,Funky Cat 48 kWh,2022,400,17.5,11.0,64.0,48.0,ORA_Funky Cat 48 kWh
ORA,Funky Cat 63 kWh,2023,400,17.4,11.0,69.0,63.0,ORA_Funky Cat 63 kWh
ORA,cat,2022,400,17.5,11.0,45.4,45.4,ORA_cat
ORA,cat,2023,400,17.4,11.0,59.3,59.3,ORA_cat
ORA,cat,2023,400,18.0,11.0,59.3,59.3,ORA_cat
Omoda,E5,2024,400,17.7,11.0,80.0,61.0,Omoda_E5
Opel / Vauxhall,Corsa-e,2021,400,15.7,7.4,46.3,46.3,Opel / Vauxhall_Corsa-e
Opel / Vauxhall,Mokka-e,2021,400,18.2,7.4,46.3,46.3,Opel / Vauxhall_Mokka-e
Opel / Vauxhall,Ampera-e,2017,400,17.3,11.0,58.0,58.0,Opel / Vauxhall_Ampera-e
Opel / Vauxhall,life s,2020,400,25.0,11.0,46.3,46.3,Opel / Vauxhall_life s
Opel / Vauxhall,life m,2020,400,25.0,11.0,46.3,46.3,Opel / Vauxhall_life m
Opel / Vauxhall,life l,2020,400,25.7,11.0,46.3,46.3,Opel / Vauxhall_life l
Opel / Vauxhall,life m,2021,400,25.7,11.0,68.0,68.0,Opel / Vauxhall_life m
Opel / Vauxhall,life l,2021,400,26.2,11.0,68.0,68.0,Opel / Vauxhall_life l
Opel / Vauxhall,life,2021,400,22.6,11.0,46.3,46.3,Opel / Vauxhall_life
Opel / Vauxhall,life xl,2021,400,23.2,11.0,46.3,46.3,Opel / Vauxhall_life xl
Opel / Vauxhall,50kwh,2021,400,17.8,11.0,46.3,46.3,Opel / Vauxhall_50kwh
Opel / Vauxhall,combi s,2020,400,25.0,11.0,46.3,46.3,Opel / Vauxhall_combi s
Opel / Vauxhall,combi m,2020,400,25.0,11.0,46.3,46.3,Opel / Vauxhall_combi m
Opel / Vauxhall,combi l,2020,400,25.7,11.0,46.3,46.3,Opel / Vauxhall_combi l
Opel / Vauxhall,combi m,2020,400,25.7,11.0,68.0,68.0,Opel / Vauxhall_combi m
Opel / Vauxhall,combi l,2020,400,26.2,11.0,68.0,68.0,Opel / Vauxhall_combi l
Opel / Vauxhall,electric,2023,400,15.9,11.0,50.8,50.8,Opel / Vauxhall_electric
Opel / Vauxhall,sports tourer electric,2023,400,16.4,11.0,50.8,50.8,Opel / Vauxhall_sports tourer electric
Opel / Vauxhall,electric,2023,400,15.7,7.4,46.3,46.3,Opel / Vauxhall_electric
Opel / Vauxhall,electric,2023,400,15.3,7.4,48.1,48.1,Opel / Vauxhall_electric
Opel / Vauxhall,54kwh,2023,400,17.5,7.4,50.8,50.8,Opel / Vauxhall_54kwh
Peugeot,e-208,2021,400,16.2,7.4,46.3,46.3,Peugeot_e-208
Peugeot,e-308,2023,400,16.9,11.0,50.8,50.8,Peugeot_e-308
Peugeot,Partner Tepee,2017,400,20.4,20.5,20.5,20.5,Peugeot_Partner Tepee
Peugeot,E-Expert,2020,400,27.0,11.0,100.0,75.0,Peugeot_E-Expert
Peugeot,E-Traveller,2020,400,24.3,11.0,98.0,45.0,Peugeot_E-Traveller
Peugeot,E-Traveller,2020,400,24.3,7.4,98.0,45.0,Peugeot_E-Traveller
Peugeot,I-on,2010,400,12.9,3.6,50.0,14.5,Peugeot_I-on
Peugeot,Partner,2013,400,20.5,3.2,50.0,22.5,Peugeot_Partner
Peugeot,e-2008,2020,400,18.0,11.0,100.0,47.5,Peugeot_e-2008
Peugeot,e-2008,2023,400,17.1,11.0,101.0,46.3,Peugeot_e-2008
Peugeot,e-2008,2020,400,18.0,7.4,100.0,47.5,Peugeot_e-2008
Peugeot,e-208,2020,400,16.1,11.0,100.0,45.0,Peugeot_e-208
Peugeot,e-208,2023,400,16.0,11.0,101.0,46.3,Peugeot_e-208
Peugeot,e-208,2020,400,16.1,7.4,100.0,45.0,Peugeot_e-208
Peugeot,e-3008,2024,400,19.7,11.0,160.0,73.0,Peugeot_e-3008
Peugeot,e-3008,2024,400,19.4,11.0,160.0,98.0,Peugeot_e-3008
Peugeot,e-Partner,2021,400,22.5,11.0,100.0,45.0,Peugeot_e-Partner
Peugeot,e-3008 73 kWh,2023,400,19.2,11.0,160.0,73.0,Peugeot_e-3008 73 kWh
Peugeot,e-2008 SUV,2021,400,17.1,11.0,101.0,46.3,Peugeot_e-2008 SUV
Peugeot,e-2008 54 kWh,2023,400,16.9,11.0,100.0,50.8,Peugeot_e-2008 54 kWh
Peugeot,e-5008 73 kWh,2024,400,19.7,11.0,160.0,73.0,Peugeot_e-5008 73 kWh
Peugeot,e-5008 97 kWh Long Range,2024,400,20.0,11.0,160.0,96.9,Peugeot_e-5008 97 kWh Long Range
Peugeot,e-208 51 kWh,2023,400,15.5,11.0,100.0,48.1,Peugeot_e-208 51 kWh
Peugeot,e-408 58 kWh,2024,400,15.5,11.0,120.0,58.2,Peugeot_e-408 58 kWh
Peugeot,e-308 SW,2023,400,16.9,11.0,100.0,50.8,Peugeot_e-308 SW
Peugeot,e-5008 73 kWh Dual Motor,2025,400,20.3,11.0,160.0,73.0,Peugeot_e-5008 73 kWh Dual Motor
Peugeot,e-Expert Combi Standard 75 kWh,2021,400,25.7,11.0,100.0,75.0,Peugeot_e-Expert Combi Standard 75 kWh
Peugeot,e-Rifter M 50 kWh,2024,400,21.3,11.0,100.0,50.0,Peugeot_e-Rifter M 50 kWh
Peugeot,e-Traveller L3 75 kWh,2024,400,26.2,11.0,100.0,75.0,Peugeot_e-Traveller L3 75 kWh
Peugeot,e-Expert Combi Long 75 kWh,2021,400,26.2,11.0,100.0,75.0,Peugeot_e-Expert Combi Long 75 kWh
Peugeot,e-Traveller Long 75 kWh,2021,400,26.2,11.0,100.0,75.0,Peugeot_e-Traveller Long 75 kWh
Peugeot,e-Expert Combi Standard 50 kWh,2021,400,25.0,11.0,101.0,50.0,Peugeot_e-Expert Combi Standard 50 kWh
Peugeot,e-Rifter XL 50 kWh,2024,400,21.7,11.0,100.0,50.0,Peugeot_e-Rifter XL 50 kWh
Peugeot,e-Rifter Long 50 kWh,2021,400,23.2,11.0,101.0,50.0,Peugeot_e-Rifter Long 50 kWh
Peugeot,e-Traveller Standard 50 kWh,2020,400,25.0,11.0,101.0,50.0,Peugeot_e-Traveller Standard 50 kWh
Peugeot,e-Rifter Standard 50 kWh,2021,400,22.6,11.0,101.0,50.0,Peugeot_e-Rifter Standard 50 kWh
Peugeot,e-Traveller Standard 75 kWh,2021,400,25.7,11.0,100.0,75.0,Peugeot_e-Traveller Standard 75 kWh
Peugeot,e-Traveller L2 50 kWh,2024,400,25.7,11.0,101.0,50.0,Peugeot_e-Traveller L2 50 kWh
Peugeot,e-Traveller L2 75 kWh,2024,400,26.2,11.0,100.0,75.0,Peugeot_e-Traveller L2 75 kWh
Peugeot,e-Traveller Long 50 kWh,2020,400,25.0,11.0,101.0,50.0,Peugeot_e-Traveller Long 50 kWh
Peugeot,e-Traveller L3 50 kWh,2024,400,25.7,11.0,101.0,50.0,Peugeot_e-Traveller L3 50 kWh
Peugeot,e-Expert Combi Long 50 kWh,2021,400,25.0,11.0,101.0,50.0,Peugeot_e-Expert Combi Long 50 kWh
Peugeot,e-Expert Combi Compact 50 kWh,2021,400,25.0,11.0,101.0,50.0,Peugeot_e-Expert Combi Compact 50 kWh
Peugeot,e-3008 97 kWh Long Range,2024,400,19.4,11.0,160.0,97.0,Peugeot_e-3008 97 kWh Long Range
Peugeot,e-Traveller Compact 50 kWh,2021,400,25.0,11.0,101.0,50.0,Peugeot_e-Traveller Compact 50 kWh
Peugeot,iOn,2011,400,17.1,11.0,100.0,14.5,Peugeot_iOn
Peugeot,iOn,2016,400,17.1,11.0,100.0,14.5,Peugeot_iOn
Peugeot,suv,2020,400,17.8,11.0,46.3,46.3,Peugeot_suv
Peugeot,compact,2021,400,25.0,11.0,46.3,46.3,Peugeot_compact
Peugeot,standard,2020,400,25.0,11.0,46.3,46.3,Peugeot_standard
Peugeot,long,2020,400,25.0,11.0,46.3,46.3,Peugeot_long
Peugeot,standard,2021,400,25.7,11.0,68.0,68.0,Peugeot_standard
Peugeot,long,2021,400,26.2,11.0,68.0,68.0,Peugeot_long
Peugeot,standard,2021,400,22.6,11.0,46.3,46.3,Peugeot_standard
Peugeot,long,2021,400,23.2,11.0,46.3,46.3,Peugeot_long
Peugeot,suv,2021,400,17.1,11.0,46.3,46.3,Peugeot_suv
Peugeot,combi compact,2021,400,25.0,11.0,46.3,46.3,Peugeot_combi compact
Peugeot,combi standard,2021,400,25.0,11.0,46.3,46.3,Peugeot_combi standard
Peugeot,combi long,2021,400,25.0,11.0,46.3,46.3,Peugeot_combi long
Peugeot,combi standard,2021,400,25.7,11.0,68.0,68.0,Peugeot_combi standard
Peugeot,combi long,2021,400,26.2,11.0,68.0,68.0,Peugeot_combi long
Peugeot,sw,2023,400,16.9,11.0,50.8,50.8,Peugeot_sw
Peugeot,51kwh,2022,400,15.8,11.0,48.1,48.1,Peugeot_51kwh
Peugeot,50kwh,2023,400,16.0,7.4,46.3,46.3,Peugeot_50kwh
Peugeot,54kwh,2023,400,16.9,7.4,50.8,50.8,Peugeot_54kwh
Peugeot,51kwh,2023,400,15.5,7.4,48.1,48.1,Peugeot_51kwh
Peugeot,73kwh,2023,400,19.2,11.0,73.0,73.0,Peugeot_73kwh
Peugeot,73kwh dual motor,2025,400,19.5,11.0,73.0,73.0,Peugeot_73kwh dual motor
Peugeot,97kwh long range,2024,400,19.4,11.0,96.9,96.9,Peugeot_97kwh long range
Polestar,2,2020,400,19.2,11.0,75.0,75.0,Polestar_2
Polestar,2,2021,400,19.0,11.0,150.0,75.0,Polestar_2
Polestar,2,2021,400,17.6,11.0,150.0,75.0,Polestar_2
Polestar,2,2022,400,17.4,11.0,133.0,67.0,Polestar_2
Polestar,4,2024,400,20.2,22.0,200.0,94.0,Polestar_4
Polestar,4,2024,400,19.0,22.0,200.0,94.0,Polestar_4
Polestar,3 Long Range Dual motor,2022,400,22.1,11.0,250.0,107.0,Polestar_3 Long Range Dual motor
Polestar,3 Long Range Single motor,2024,400,21.4,11.0,250.0,107.0,Polestar_3 Long Range Single motor
Polestar,3 Long Range Performance,2022,400,22.8,11.0,250.0,107.0,Polestar_3 Long Range Performance
Polestar,2 Long Range Performance,2024,400,17.6,11.0,205.0,79.0,Polestar_2 Long Range Performance
Polestar,standard range single motor,2021,400,17.7,11.0,61.0,61.0,Polestar_standard range single motor
Polestar,long range single motor,2021,400,17.9,11.0,75.0,75.0,Polestar_long range single motor
Polestar,long range dual motor,2021,400,19.2,11.0,75.0,75.0,Polestar_long range dual motor
Polestar,standard range single motor,2022,400,17.6,11.0,67.0,67.0,Polestar_standard range single motor
Polestar,long range dual motor,2022,400,22.1,11.0,107.0,107.0,Polestar_long range dual motor
Polestar,long range,2022,400,22.8,11.0,107.0,107.0,Polestar_long range
Polestar,standard range single motor,2023,400,16.5,11.0,67.0,67.0,Polestar_standard range single motor
Polestar,long range single motor,2023,400,16.8,11.0,79.0,79.0,Polestar_long range single motor
Polestar,long range dual motor,2023,400,17.6,11.0,79.0,79.0,Polestar_long range dual motor
Polestar,long range,2023,400,17.6,11.0,79.0,79.0,Polestar_long range
Polestar,long range single motor,2024,400,19.0,11.0,94.0,94.0,Polestar_long range single motor
Polestar,long range dual motor,2024,400,19.4,11.0,94.0,94.0,Polestar_long range dual motor
Porsche,Taycan,2023,800,20.4,11.0,71.0,71.0,Porsche_Taycan
Porsche,Taycan,2023,400,19.0,11.0,268.0,83.7,Porsche_Taycan
Porsche,Taycan,2020,800,19.5,11.0,225.0,71.0,Porsche_Taycan
Porsche,Taycan,2023,400,17.1,11.0,223.0,71.0,Porsche_Taycan
Porsche,Taycan,2023,400,19.0,11.0,268.0,83.7,Porsche_Taycan
Porsche,Taycan,2020,800,19.7,11.0,270.0,83.7,Porsche_Taycan
Porsche,Taycan,2023,400,17.4,11.0,268.0,83.7,Porsche_Taycan
Porsche,Taycan,2023,800,17.3,11.0,268.0,83.7,Porsche_Taycan
Porsche,Taycan,2023,400,18.8,11.0,268.0,83.7,Porsche_Taycan
Porsche,Taycan,2020,800,21.5,11.0,270.0,83.7,Porsche_Taycan
Porsche,Taycan,2023,400,19.7,11.0,268.0,83.7,Porsche_Taycan
Porsche,Taycan,2020,800,22.3,11.0,270.0,83.7,Porsche_Taycan
Porsche,Taycan,2023,400,19.5,11.0,268.0,83.7,Porsche_Taycan
Porsche,Macan 4 Electric,2024,400,19.6,11.0,270.0,95.0,Porsche_Macan 4 Electric
Porsche,Macan Electric,2024,400,18.6,11.0,270.0,95.0,Porsche_Macan Electric
Porsche,Macan Turbo Electric,2024,400,20.2,11.0,270.0,95.0,Porsche_Macan Turbo Electric
Porsche,Macan 4S Electric,2024,400,19.6,11.0,270.0,95.0,Porsche_Macan 4S Electric
Porsche,Taycan Turbo,2020,800,20.9,11.0,83.7,83.7,Porsche_Taycan Turbo
Porsche,4 cross turismo,2021,800,19.9,11.0,83.7,83.7,Porsche_4 cross turismo
Porsche,turbo,2020,800,20.2,11.0,83.7,83.7,Porsche_turbo
Porsche,4s,2020,800,18.0,11.0,71.0,71.0,Porsche_4s
Porsche,4s plus,2020,800,18.2,11.0,83.7,83.7,Porsche_4s plus
Porsche,plus,2021,800,17.6,11.0,83.7,83.7,Porsche_plus
Porsche,4s cross turismo,2021,800,19.9,11.0,83.7,83.7,Porsche_4s cross turismo
Porsche,turbo cross turismo,2021,800,21.2,11.0,83.7,83.7,Porsche_turbo cross turismo
Porsche,turbo s cross turismo,2021,800,22.0,11.0,83.7,83.7,Porsche_turbo s cross turismo
Porsche,gts,2022,800,18.6,11.0,83.7,83.7,Porsche_gts
Porsche,gts sport turismo,2022,800,19.7,11.0,83.7,83.7,Porsche_gts sport turismo
Porsche,sport turismo,2022,800,18.7,11.0,71.0,71.0,Porsche_sport turismo
Porsche,plus sport turismo,2022,800,18.8,11.0,83.7,83.7,Porsche_plus sport turismo
Porsche,4s sport turismo,2022,800,19.2,11.0,71.0,71.0,Porsche_4s sport turismo
Porsche,4s plus sport turismo,2022,800,19.5,11.0,83.7,83.7,Porsche_4s plus sport turismo
Porsche,turbo sport turismo,2022,800,20.7,11.0,83.7,83.7,Porsche_turbo sport turismo
Porsche,turbo s sport turismo,2022,800,21.2,11.0,83.7,83.7,Porsche_turbo s sport turismo
Porsche,plus,2023,800,17.3,11.0,83.7,83.7,Porsche_plus
Porsche,4s,2023,800,17.1,11.0,71.0,71.0,Porsche_4s
Porsche,4s plus,2023,800,17.4,11.0,83.7,83.7,Porsche_4s plus
Porsche,turbo,2023,800,18.8,11.0,83.7,83.7,Porsche_turbo
Porsche,turbo s,2023,800,19.5,11.0,83.7,83.7,Porsche_turbo s
Porsche,4 cross turismo,2023,800,19.0,11.0,83.7,83.7,Porsche_4 cross turismo
Porsche,4s cross turismo,2023,800,19.0,11.0,83.7,83.7,Porsche_4s cross turismo
Porsche,turbo cross turismo,2023,800,19.7,11.0,83.7,83.7,Porsche_turbo cross turismo
Porsche,turbo s cross turismo,2023,800,20.4,11.0,83.7,83.7,Porsche_turbo s cross turismo
Porsche,electric,2024,800,18.6,11.0,95.0,95.0,Porsche_electric
Porsche,4 electric,2024,800,19.6,11.0,95.0,95.0,Porsche_4 electric
Porsche,turbo electric,2024,800,20.2,11.0,95.0,95.0,Porsche_turbo electric
Porsche,Taycan,2024,800,16.6,11.0,82.3,82.3,Porsche_Taycan
Porsche,plus,2024,800,16.9,11.0,97.0,97.0,Porsche_plus
Porsche,Taycan 4S,2024,800,16.8,11.0,82.3,82.3,Porsche_Taycan 4S
Porsche,4s plus,2024,800,17.2,11.0,97.0,97.0,Porsche_4s plus
Porsche,turbo,2024,800,18.1,11.0,97.0,97.0,Porsche_turbo
Porsche,turbo s,2024,800,18.5,11.0,97.0,97.0,Porsche_turbo s
Renault,5 E-Tech,2025,400,15.7,11.0,80.0,40.0,Renault_5 E-Tech
Renault,5 E-Tech,2025,400,15.7,11.0,80.0,40.0,Renault_5 E-Tech
Renault,5 E-Tech,2025,400,16.3,11.0,100.0,52.0,Renault_5 E-Tech
Renault,Kangoo ZE,2011,400,19.4,7.2,150.0,33.0,Renault_Kangoo ZE
Renault,Megane E-Tech,2022,400,16.3,22.0,85.0,40.0,Renault_Megane E-Tech
Renault,Megane E-Tech,2022,400,17.1,22.0,130.0,60.0,Renault_Megane E-Tech
Renault,Scenic,2023,400,17.6,22.0,130.0,60.0,Renault_Scenic
Renault,Scenic,2023,400,17.9,22.0,150.0,87.0,Renault_Scenic
Renault,Twingo Z.E.,2020,400,16.3,22.0,150.0,21.3,Renault_Twingo Z.E.
Renault,Zoe,2013,400,15.5,43.0,150.0,22.0,Renault_Zoe
Renault,Zoe,2017,400,16.7,11.0,100.0,41.0,Renault_Zoe
Renault,Zoe,2015,400,15.5,22.0,150.0,22.0,Renault_Zoe
Renault,Zoe,2017,400,16.1,11.0,100.0,41.0,Renault_Zoe
Renault,Zoe,2019,400,16.1,22.0,46.0,41.0,Renault_Zoe
Renault,Zoe,2019,400,16.5,22.0,46.0,52.0,Renault_Zoe
Renault,Zoe,2019,400,17.4,22.0,46.0,52.0,Renault_Zoe
Renault,4 E-Tech 52kWh 150hp,2025,400,16.5,11.0,100.0,52.0,Renault_4 E-Tech 52kWh 150hp
Renault,Megane E-Tech EV60 220hp,2025,400,15.8,11.0,129.0,60.0,Renault_Megane E-Tech EV60 220hp
Renault,Zoe ZE50 R135,2019,400,16.8,11.0,46.0,52.0,Renault_Zoe ZE50 R135
Renault,Twingo Electric,2020,400,15.8,11.0,150.0,21.3,Renault_Twingo Electric
Renault,Megane E-Tech EV60 130hp,2025,400,15.8,11.0,129.0,60.0,Renault_Megane E-Tech EV60 130hp
Renault,Kangoo E-Tech Electric,2022,400,20.0,11.0,80.0,45.0,Renault_Kangoo E-Tech Electric
Renault,Kangoo Maxi ZE 33,2017,400,19.4,11.0,150.0,31.0,Renault_Kangoo Maxi ZE 33
Renault,Zoe R110,2018,400,16.4,11.0,150.0,41.0,Renault_Zoe R110
Renault,Scenic E-Tech EV60 170hp,2023,400,17.6,11.0,130.0,60.0,Renault_Scenic E-Tech EV60 170hp
Renault,Zoe ZE40 R110,2019,400,16.1,11.0,45.0,41.0,Renault_Zoe ZE40 R110
Renault,4 E-Tech 40kWh 120hp,2025,400,16.3,11.0,80.0,40.0,Renault_4 E-Tech 40kWh 120hp
Renault,Megane E-Tech EV40 130hp,2022,400,15.4,11.0,85.0,40.0,Renault_Megane E-Tech EV40 130hp
Renault,Kangoo Grand E-Tech Electric,2024,400,20.5,11.0,80.0,45.0,Renault_Kangoo Grand E-Tech Electric
Renault,Zoe R90 Entry,2017,400,16.6,11.0,150.0,23.3,Renault_Zoe R90 Entry
Renault,Scenic E-Tech EV87 220hp,2023,400,18.1,11.0,150.0,87.0,Renault_Scenic E-Tech EV87 220hp
Renault,Zoe ZE50 R110,2019,400,16.5,11.0,46.0,52.0,Renault_Zoe ZE50 R110
Renault,Zoe Q210,2013,400,17.9,11.0,43.0,23.3,Renault_Zoe Q210
Renault,Zoe,2013,400,17.9,11.0,100.0,23.3,Renault_Zoe
Renault,Zoe,2015,400,16.1,23.3,23.3,23.3,Renault_Zoe
Renault,Zoe R90,2017,400,16.6,11.0,100.0,23.3,Renault_Zoe R90
Renault,Kangoo Maxi ZE,2017,400,19.4,31.0,31.0,31.0,Renault_Kangoo Maxi ZE
Renault,Zoe,2018,400,16.4,41.0,41.0,41.0,Renault_Zoe
Renault,q90,2018,400,16.7,41.0,41.0,41.0,Renault_q90
Renault,r90,2018,400,16.1,41.0,41.0,41.0,Renault_r90
Renault,ze50 r110,2019,400,16.5,11.0,52.0,52.0,Renault_ze50 r110
Renault,ze50 r135,2019,400,16.8,11.0,52.0,52.0,Renault_ze50 r135
Renault,ze40 r110,2019,400,16.1,41.0,41.0,41.0,Renault_ze40 r110
Renault,electric,2020,400,15.8,21.3,21.3,21.3,Renault_electric
Renault,e-tech ev60 220hp,2022,400,15.8,11.0,60.0,60.0,Renault_e-tech ev60 220hp
Renault,e-tech ev40 130hp,2022,400,15.4,40.0,40.0,40.0,Renault_e-tech ev40 130hp
Renault,e-tech ev60 130hp,2022,400,15.8,11.0,60.0,60.0,Renault_e-tech ev60 130hp
Renault,e-tech electric,2022,400,20.0,11.0,45.0,45.0,Renault_e-tech electric
Renault,grand e-tech electric,2024,400,20.5,22.0,45.0,45.0,Renault_grand e-tech electric
Renault,e-tech ev60 170hp,2023,400,17.6,22.0,60.0,60.0,Renault_e-tech ev60 170hp
Renault,e-tech ev87 220hp,2023,400,18.1,22.0,87.0,87.0,Renault_e-tech ev87 220hp
Rolls-Royce,Spectre,2023,400,21.9,22.0,102.0,102.0,Rolls-Royce_Spectre
SEAT,Mii Electric,2020,400,16.6,7.2,34.0,32.3,SEAT_Mii Electric
SEAT,Mii Electric,2020,400,15.8,11.0,37.0,32.3,SEAT_Mii Electric
SEAT,electric,2020,400,15.8,32.3,32.3,32.3,SEAT_electric
Seres,3,2021,400,19.6,6.6,51.0,51.0,Seres_3
Skoda,CITIGOe iV,2020,400,16.6,7.2,34.0,32.3,Skoda_CITIGOe iV
Skoda,Elroq,2024,400,16.5,11.0,145.0,52.0,Skoda_Elroq
Skoda,Elroq,2024,400,17.1,11.0,165.0,59.0,Skoda_Elroq
Skoda,Elroq,2024,400,17.1,11.0,175.0,77.0,Skoda_Elroq
Skoda,Enyaq,2024,400,16.8,11.0,145.0,52.0,Skoda_Enyaq
Skoda,Enyaq,2023,400,17.1,11.0,135.0,77.0,Skoda_Enyaq
Skoda,Enyaq,2023,400,17.5,11.0,175.0,77.0,Skoda_Enyaq
Skoda,Enyaq,2023,400,17.7,11.0,175.0,77.0,Skoda_Enyaq
Skoda,Enyaq Coupe,2023,400,16.0,11.0,135.0,77.0,Skoda_Enyaq Coupe
Skoda,Enyaq Coupe,2023,400,16.2,11.0,175.0,77.0,Skoda_Enyaq Coupe
Skoda,Enyaq Coupe,2023,400,16.7,11.0,175.0,77.0,Skoda_Enyaq Coupe
Skoda,Enyaq iV,2020,400,18.7,7.2,50.0,52.0,Skoda_Enyaq iV
Skoda,Enyaq iV,2020,400,18.7,11.0,100.0,58.0,Skoda_Enyaq iV
Skoda,Enyaq iV,2020,400,18.7,11.0,50.0,58.0,Skoda_Enyaq iV
Skoda,Enyaq iV,2020,400,19.0,11.0,125.0,77.0,Skoda_Enyaq iV
Skoda,Enyaq iV,2020,400,19.0,11.0,50.0,77.0,Skoda_Enyaq iV
Skoda,Enyaq iV 60,2021,400,17.1,11.0,124.0,58.0,Skoda_Enyaq iV 60
Skoda,Enyaq iV 80x,2021,400,18.1,11.0,175.0,77.0,Skoda_Enyaq iV 80x
Skoda,Enyaq 60,2025,400,16.6,11.0,165.0,59.0,Skoda_Enyaq 60
Skoda,CITIGOe iV,2020,400,15.8,11.0,37.0,32.3,Skoda_CITIGOe iV
Skoda,Enyaq iV 50,2021,400,17.0,11.0,50.0,52.0,Skoda_Enyaq iV 50
Skoda,Enyaq Coupe iV RS,2022,400,17.9,11.0,175.0,77.0,Skoda_Enyaq Coupe iV RS
Skoda,Enyaq Coupe 60,2025,400,15.9,11.0,165.0,59.0,Skoda_Enyaq Coupe 60
Skoda,Enyaq Coupe iV 80,2022,400,17.3,11.0,143.0,77.0,Skoda_Enyaq Coupe iV 80
Skoda,Enyaq Coupe iV 80x,2023,400,17.7,11.0,175.0,77.0,Skoda_Enyaq Coupe iV 80x
Skoda,Enyaq Coupe iV 60,2022,400,16.8,11.0,124.0,58.0,Skoda_Enyaq Coupe iV 60
Skoda,Enyaq iV RS,2023,400,18.3,11.0,175.0,77.0,Skoda_Enyaq iV RS
Skoda,Enyaq iV 80,2021,400,17.5,11.0,143.0,77.0,Skoda_Enyaq iV 80
Skoda,iv 50,2021,400,17.0,11.0,52.0,52.0,Skoda_iv 50
Skoda,iv,2020,400,15.8,32.3,32.3,32.3,Skoda_iv
Skoda,iv 60,2021,400,17.1,11.0,58.0,58.0,Skoda_iv 60
Skoda,iv 80,2021,400,17.5,11.0,77.0,77.0,Skoda_iv 80
Skoda,iv 80x,2021,400,18.1,11.0,77.0,77.0,Skoda_iv 80x
Skoda,iv rs,2023,400,18.3,11.0,77.0,77.0,Skoda_iv rs
Skoda,coupe iv 60,2022,400,16.8,11.0,58.0,58.0,Skoda_coupe iv 60
Skoda,coupe iv 80,2022,400,17.3,11.0,77.0,77.0,Skoda_coupe iv 80
Skoda,coupe iv 80x,2023,400,17.7,11.0,77.0,77.0,Skoda_coupe iv 80x
Skoda,coupe iv rs,2022,400,17.9,11.0,77.0,77.0,Skoda_coupe iv rs
Skoda,Enyaq 60,2023,400,17.3,11.0,58.0,58.0,Skoda_Enyaq 60
Skoda,Enyaq 85,2023,400,17.1,11.0,77.0,77.0,Skoda_Enyaq 85
Skoda,85x,2023,400,17.5,11.0,77.0,77.0,Skoda_85x
Skoda,Enyaq RS,2023,400,17.7,11.0,77.0,77.0,Skoda_Enyaq RS
Skoda,coupe 60,2023,400,16.8,11.0,58.0,58.0,Skoda_coupe 60
Skoda,coupe 85,2023,400,16.7,11.0,77.0,77.0,Skoda_coupe 85
Skoda,coupe 85x,2023,400,16.9,11.0,77.0,77.0,Skoda_coupe 85x
Skoda,coupe rs,2023,400,17.1,11.0,77.0,77.0,Skoda_coupe rs
Skywell,BE11 Long Range,2024,400,20.8,11.0,80.0,81.0,Skywell_BE11 Long Range
Skywell,BE11 Standard Range,2024,400,20.6,11.0,80.0,68.0,Skywell_BE11 Standard Range
smart,#1,2024,400,18.8,7.4,130.0,47.0,smart_#1
smart,#1,2024,400,18.4,22.0,150.0,62.0,smart_#1
smart,#3,2024,400,18.8,22.0,150.0,62.0,smart_#3
smart,#3,2024,400,17.7,7.4,130.0,47.0,smart_#3
smart,#3,2024,400,17.5,22.0,150.0,62.0,smart_#3
smart,forfour EQ,2017,400,17.6,3.6,150.0,17.6,smart_forfour EQ
smart,forfour EQ,2017,400,17.6,22.0,150.0,17.6,smart_forfour EQ
smart,fortwo ED,2017,400,16.7,3.6,150.0,17.6,smart_fortwo ED
smart,fortwo ED,2017,400,16.7,22.0,150.0,17.6,smart_fortwo ED
smart,fortwo EQ,2017,400,16.7,22.0,150.0,17.6,smart_fortwo EQ
smart,EQ fortwo coupe,2020,400,16.7,11.0,150.0,16.7,smart_EQ fortwo coupe
smart,#1 Pro+,2023,400,18.5,11.0,150.0,62.0,smart_#1 Pro+
smart,#5 Summit Edition,2025,400,20.7,11.0,400.0,94.0,smart_#5 Summit Edition
smart,#5 Pro+,2025,400,20.2,11.0,400.0,94.0,smart_#5 Pro+
smart,#1 Brabus,2023,400,19.1,11.0,150.0,62.0,smart_#1 Brabus
smart,EQ forfour,2020,400,17.6,11.0,150.0,16.7,smart_EQ forfour
smart,#5 Premium,2025,400,20.2,11.0,400.0,94.0,smart_#5 Premium
smart,#3 Premium,2024,400,17.5,11.0,150.0,62.0,smart_#3 Premium
smart,#5 Pro,2025,400,20.1,11.0,150.0,74.4,smart_#5 Pro
smart,ForTwo Electric Drive,2017,400,16.7,11.0,150.0,16.7,smart_ForTwo Electric Drive
smart,#5 Pulse,2025,400,20.7,11.0,400.0,94.0,smart_#5 Pulse
smart,#1 Premium,2023,400,18.5,11.0,150.0,62.0,smart_#1 Premium
smart,#1 Pro,2023,400,18.8,11.0,130.0,47.0,smart_#1 Pro
smart,EQ fortwo cabrio,2020,400,17.6,11.0,150.0,16.7,smart_EQ fortwo cabrio
smart,#1 Pulse,2023,400,19.1,11.0,150.0,62.0,smart_#1 Pulse
smart,ForFour Electric Drive,2017,400,17.6,11.0,150.0,16.7,smart_ForFour Electric Drive
smart,ForTwo Cabrio Electric Drive,2017,400,17.6,11.0,150.0,16.7,smart_ForTwo Cabrio Electric Drive
smart,ForTwo Cabrio Electric,2017,400,17.6,16.7,100.0,16.7,smart_ForTwo Cabrio Electric
smart,ForFour Electric,2017,400,17.6,16.7,100.0,16.7,smart_ForFour Electric
smart,ForTwo Electric,2017,400,16.7,16.7,100.0,16.7,smart_ForTwo Electric
smart,fortwo coupe,2018,400,16.7,16.7,100.0,16.7,smart_fortwo coupe
smart,fortwo cabrio,2018,400,17.6,16.7,100.0,16.7,smart_fortwo cabrio
smart,forfour,2018,400,17.6,16.7,100.0,16.7,smart_forfour
smart,fortwo coupe,2020,400,16.7,16.7,100.0,16.7,smart_fortwo coupe
smart,fortwo cabrio,2020,400,17.6,16.7,100.0,16.7,smart_fortwo cabrio
smart,forfour,2020,400,17.6,16.7,100.0,16.7,smart_forfour
smart,pro+,2023,400,18.5,22.0,62.0,62.0,smart_pro+
smart,brabus,2023,400,19.1,22.0,62.0,62.0,smart_brabus
smart,pulse,2023,400,19.1,22.0,62.0,62.0,smart_pulse
smart,pro+,2024,400,17.5,22.0,62.0,62.0,smart_pro+
smart,brabus,2024,400,18.5,22.0,62.0,62.0,smart_brabus
smart,pro,2023,400,18.8,7.4,47.0,47.0,smart_pro
smart,pro,2024,400,17.7,7.4,47.0,47.0,smart_pro
smart,premium,2023,400,18.5,22.0,62.0,62.0,smart_premium
smart,premium,2024,400,17.5,22.0,62.0,62.0,smart_premium
Sono,Sion (2023),2023,400,18.1,11.0,47.0,47.0,Sono_Sion (2023)
Sono,Sion,2023,400,18.1,11.0,75.0,47.0,Sono_Sion
SsangYong,Korando e-Motion,2022,400,19.3,6.6,80.0,56.0,SsangYong_Korando e-Motion
SsangYong,e-motion,2022,400,19.3,11.0,56.0,56.0,SsangYong_e-motion
Subaru,Solterra,2022,400,20.0,6.6,150.0,64.0,Subaru_Solterra
Subaru,awd,2022,400,20.0,11.0,64.0,64.0,Subaru_awd
Tesla,Model S,2016,400,20.0,11.0,69.0,69.0,Tesla_Model S
Tesla,Model S,2017,400,20.0,11.0,95.0,95.0,Tesla_Model S
Tesla,Model 3,2023,400,13.7,11.0,57.5,57.5,Tesla_Model 3
Tesla,Model 3,2020,400,16.1,11.0,195.0,74.0,Tesla_Model 3
Tesla,Model 3,2021,400,16.1,11.0,250.0,76.0,Tesla_Model 3
Tesla,Model 3,2023,400,14.9,11.0,250.0,75.0,Tesla_Model 3
Tesla,Model 3,2020,400,16.7,11.0,195.0,72.5,Tesla_Model 3
Tesla,Model 3,2021,400,16.9,11.0,250.0,82.0,Tesla_Model 3
Tesla,Model 3,2022,400,15.5,11.0,170.0,62.3,Tesla_Model 3
Tesla,Model 3,2021,400,15.1,11.0,170.0,57.5,Tesla_Model 3
Tesla,Model 3,2022,400,15.3,11.0,149.0,50.0,Tesla_Model 3
Tesla,Model S,2016,400,18.4,16.5,140.0,95.0,Tesla_Model S
Tesla,Model S,2012,400,18.0,16.5,120.0,62.0,Tesla_Model S
Tesla,Model S,2015,400,18.5,22.0,100.0,67.0,Tesla_Model S
Tesla,Model S,2015,400,19.0,11.0,66.5,66.5,Tesla_Model S
Tesla,Model S,2015,400,18.8,22.0,120.0,66.5,Tesla_Model S
Tesla,Model S,2016,400,19.1,11.0,72.5,72.5,Tesla_Model S
Tesla,Model S,2016,400,19.1,11.0,72.5,72.5,Tesla_Model S
Tesla,Model S,2012,400,19.1,11.0,140.0,76.0,Tesla_Model S
Tesla,Model S,2012,400,19.1,16.5,197.0,77.5,Tesla_Model S
Tesla,Model S,2015,400,18.2,16.5,140.0,81.0,Tesla_Model S
Tesla,Model S,2016,400,20.8,16.5,197.0,72.5,Tesla_Model S
Tesla,Model S,2022,400,16.2,16.5,250.0,95.0,Tesla_Model S
Tesla,Model S,2019,400,19.0,16.5,197.0,95.0,Tesla_Model S
Tesla,Model S,2014,400,20.7,11.0,80.8,80.8,Tesla_Model S
Tesla,Model S,2014,400,19.1,22.0,120.0,80.8,Tesla_Model S
Tesla,Model S,2019,400,19.3,16.5,197.0,95.0,Tesla_Model S
Tesla,Model S,2022,400,17.0,16.5,250.0,95.0,Tesla_Model S
Tesla,Model S,2019,400,18.4,16.5,197.0,72.5,Tesla_Model S
Tesla,Model X,2019,400,20.0,16.5,140.0,75.0,Tesla_Model X
Tesla,Model X,2019,400,20.0,16.5,140.0,100.0,Tesla_Model X
Tesla,Model X,2020,400,23.6,16.5,148.0,95.0,Tesla_Model X
Tesla,Model X,2019,400,22.0,16.5,140.0,100.0,Tesla_Model X
Tesla,Model X,2020,400,21.6,16.5,148.0,72.5,Tesla_Model X
Tesla,Model X,2019,400,20.0,16.5,140.0,75.0,Tesla_Model X
Tesla,Model X,2020,400,22.6,16.5,148.0,95.0,Tesla_Model X
Tesla,Model Y,2022,400,16.4,11.0,57.5,57.5,Tesla_Model Y
Tesla,Model Y,2020,400,14.4,11.0,246.0,72.5,Tesla_Model Y
Tesla,Model Y,2022,400,18.1,11.0,246.0,76.0,Tesla_Model Y
Tesla,Roadster,2022,400,20.6,22.0,250.0,200.0,Tesla_Roadster
Tesla,Model Y,2022,400,16.9,11.0,250.0,75.0,Tesla_Model Y
Tesla,Model X,2022,400,20.4,11.0,250.0,95.0,Tesla_Model X
Tesla,Model X,2023,400,19.6,11.0,250.0,95.0,Tesla_Model X
Tesla,Model 3,2020,400,15.0,11.0,170.0,52.5,Tesla_Model 3
Tesla,Model 3,2019,400,16.7,11.0,250.0,73.5,Tesla_Model 3
Tesla,Model S,2020,400,17.7,11.0,250.0,98.0,Tesla_Model S
Tesla,Model 3,2024,400,13.8,11.0,250.0,75.0,Tesla_Model 3
Tesla,Model X,2020,400,20.4,11.0,250.0,98.0,Tesla_Model X
Tesla,Model X,2019,400,21.6,11.0,145.0,95.0,Tesla_Model X
Tesla,Model S,2016,400,21.1,11.0,85.5,85.5,Tesla_Model S
Tesla,Model X,2016,400,22.8,11.0,85.5,85.5,Tesla_Model X
Tesla,Model S,2022,400,17.0,11.0,250.0,95.0,Tesla_Model S
Tesla,Model 3,2021,400,14.6,11.0,170.0,51.0,Tesla_Model 3
Tesla,Model S,2023,400,16.5,11.0,250.0,95.0,Tesla_Model S
Tesla,Model Y,2025,400,16.7,11.0,250.0,75.0,Tesla_Model Y
Tesla,Model S,2013,400,19.9,11.0,80.8,80.8,Tesla_Model S
Tesla,Model S,2015,400,19.2,11.0,80.8,80.8,Tesla_Model S
Tesla,Model S,2015,400,21.1,11.0,85.5,85.5,Tesla_Model S
Tesla,Model S,2016,400,20.0,11.0,69.0,69.0,Tesla_Model S
Tesla,Model S,2016,400,18.0,11.0,62.0,62.0,Tesla_Model S
Tesla,Model 3 Long Range,2019,400,15.5,11.0,73.5,73.5,Tesla_Model 3 Long Range
Tesla,Model X,2016,400,21.8,11.0,62.0,62.0,Tesla_Model X
Tesla,Model S,2015,400,19.2,11.0,85.5,85.5,Tesla_Model S
Tesla,Model S,2016,400,18.8,11.0,85.5,85.5,Tesla_Model S
Tesla,Model S,2015,400,19.6,11.0,66.5,66.5,Tesla_Model S
Tesla,Model X,2016,400,21.6,11.0,72.5,72.5,Tesla_Model X
Tesla,Model S,2016,400,21.1,11.0,85.5,85.5,Tesla_Model S
Tesla,Model S,2016,400,18.0,11.0,62.0,62.0,Tesla_Model S
Tesla,Model S,2015,400,20.6,11.0,85.5,85.5,Tesla_Model S
Tesla,Model X,2016,400,22.8,11.0,85.5,85.5,Tesla_Model X
Tesla,Model X,2016,400,21.6,11.0,85.5,85.5,Tesla_Model X
Tesla,Model X,2017,400,21.8,11.0,95.0,95.0,Tesla_Model X
Tesla,Model X,2017,400,22.6,11.0,100.0,95.0,Tesla_Model X
Tesla,Model S,2016,400,20.0,11.0,100.0,95.0,Tesla_Model S
Tesla,3 long range dual motor,2019,400,16.2,11.0,73.5,73.5,Tesla_3 long range dual motor
Tesla,3 long range,2019,400,16.7,11.0,73.5,73.5,Tesla_3 long range
Tesla,x long range,2019,400,21.6,11.0,95.0,95.0,Tesla_x long range
Tesla,x ludicrous,2019,400,21.6,11.0,95.0,95.0,Tesla_x ludicrous
Tesla,3 standard range plus,2019,400,15.3,11.0,49.0,49.0,Tesla_3 standard range plus
Tesla,y long range dual motor,2021,400,16.9,11.0,72.0,72.0,Tesla_y long range dual motor
Tesla,y,2022,400,17.4,11.0,75.0,75.0,Tesla_y
Tesla,x,2019,400,22.1,11.0,95.0,95.0,Tesla_x
Tesla,s standard range,2019,400,17.3,11.0,72.5,72.5,Tesla_s standard range
Tesla,s long range,2019,400,17.9,11.0,95.0,95.0,Tesla_s long range
Tesla,x standard range,2019,400,20.4,11.0,72.5,72.5,Tesla_x standard range
Tesla,s,2019,400,18.4,11.0,95.0,95.0,Tesla_s
Tesla,3 standard range plus lfp,2020,400,15.0,11.0,52.5,52.5,Tesla_3 standard range plus lfp
Tesla,3 long range dual motor,2020,400,15.5,11.0,72.0,72.0,Tesla_3 long range dual motor
Tesla,3,2020,400,16.2,11.0,76.0,76.0,Tesla_3
Tesla,s long range plus,2020,400,17.7,11.0,98.0,98.0,Tesla_s long range plus
Tesla,s,2020,400,18.3,11.0,98.0,98.0,Tesla_s
Tesla,x long range plus,2020,400,20.4,11.0,98.0,98.0,Tesla_x long range plus
Tesla,x,2020,400,20.9,11.0,98.0,98.0,Tesla_x
Tesla,s dual motor,2023,400,16.5,11.0,95.0,95.0,Tesla_s dual motor
Tesla,s plaid,2022,400,17.0,11.0,95.0,95.0,Tesla_s plaid
Tesla,x dual motor,2023,400,19.6,11.0,95.0,95.0,Tesla_x dual motor
Tesla,x plaid,2022,400,20.4,11.0,95.0,95.0,Tesla_x plaid
Tesla,3 standard range plus,2021,400,14.6,11.0,51.0,51.0,Tesla_3 standard range plus
Tesla,3 long range dual motor,2021,400,15.5,11.0,75.0,75.0,Tesla_3 long range dual motor
Tesla,3,2021,400,14.2,11.0,57.5,57.5,Tesla_3
Tesla,y long range dual motor,2022,400,16.9,11.0,75.0,75.0,Tesla_y long range dual motor
Tesla,3,2022,400,16.3,11.0,75.0,75.0,Tesla_3
Tesla,y,2022,400,16.4,11.0,57.5,57.5,Tesla_y
Tesla,3 long range rwd,2023,400,15.2,11.0,75.0,75.0,Tesla_3 long range rwd
Tesla,3 long range dual motor,2023,400,14.3,11.0,75.0,75.0,Tesla_3 long range dual motor
Toyota,ProAce City Electric,2021,400,22.5,11.0,100.0,45.0,Toyota_ProAce City Electric
Toyota,ProAce Electric,2021,400,22.0,11.0,100.0,45.0,Toyota_ProAce Electric
Toyota,bZ4X AWD,2022,400,18.6,11.0,147.0,64.0,Toyota_bZ4X AWD
Toyota,PROACE Verso L 75 kWh,2024,400,26.2,11.0,100.0,75.0,Toyota_PROACE Verso L 75 kWh
Toyota,Proace City Verso Electric L1 50 kWh,2024,400,21.3,11.0,100.0,50.0,Toyota_Proace City Verso Electric L1 50 kWh
Toyota,Proace City Verso Electric L2 50 kWh,2024,400,21.7,11.0,100.0,50.0,Toyota_Proace City Verso Electric L2 50 kWh
Toyota,PROACE Verso M 50 kWh,2024,400,25.7,11.0,101.0,50.0,Toyota_PROACE Verso M 50 kWh
Toyota,PROACE Verso M 75 kWh,2024,400,26.2,11.0,100.0,75.0,Toyota_PROACE Verso M 75 kWh
Toyota,PROACE Verso L 50 kWh,2021,400,25.7,11.0,101.0,50.0,Toyota_PROACE Verso L 50 kWh
Toyota,PROACE Shuttle M 50 kWh,2021,400,25.0,11.0,101.0,50.0,Toyota_PROACE Shuttle M 50 kWh
Toyota,PROACE Shuttle M 75 kWh,2021,400,25.7,11.0,100.0,75.0,Toyota_PROACE Shuttle M 75 kWh
Toyota,PROACE Shuttle L 75 kWh,2021,400,26.2,11.0,100.0,75.0,Toyota_PROACE Shuttle L 75 kWh
Toyota,PROACE Shuttle L 50 kWh,2021,400,25.7,11.0,101.0,50.0,Toyota_PROACE Shuttle L 50 kWh
Toyota,verso m,2021,400,25.0,11.0,46.3,46.3,Toyota_verso m
Toyota,verso l,2021,400,25.7,11.0,46.3,46.3,Toyota_verso l
Toyota,verso m,2021,400,25.7,11.0,68.0,68.0,Toyota_verso m
Toyota,verso l,2021,400,26.2,11.0,68.0,68.0,Toyota_verso l
Toyota,fwd,2022,400,18.3,11.0,64.0,64.0,Toyota_fwd
Toyota,awd,2022,400,18.6,11.0,64.0,64.0,Toyota_awd
Toyota,shuttle m,2021,400,25.0,11.0,46.3,46.3,Toyota_shuttle m
Toyota,shuttle l,2021,400,25.7,11.0,46.3,46.3,Toyota_shuttle l
Toyota,shuttle m,2021,400,25.7,11.0,68.0,68.0,Toyota_shuttle m
Toyota,shuttle l,2021,400,26.2,11.0,68.0,68.0,Toyota_shuttle l
Toyota,city verso electric l1,2022,400,22.0,7.4,46.3,46.3,Toyota_city verso electric l1
Toyota,city verso electric l2,2022,400,22.6,7.4,46.3,46.3,Toyota_city verso electric l2
Vinfast,VF 8,2023,400,20.6,11.0,150.0,87.7,Vinfast_VF 8
Vinfast,VF 8,2023,400,20.6,11.0,150.0,87.7,Vinfast_VF 8
Vinfast,VF 9,2024,400,23.7,11.0,170.0,123.0,Vinfast_VF 9
Vinfast,8 eco extended range,2023,400,21.7,11.0,87.7,87.7,Vinfast_8 eco extended range
Vinfast,8 plus extended range,2023,400,21.9,11.0,87.7,87.7,Vinfast_8 plus extended range
Vinfast,9 extended range,2025,400,23.9,11.0,123.0,123.0,Vinfast_9 extended range
Volkswagen,e-Up!,2021,400,15.8,7.2,32.3,32.3,Volkswagen_e-Up!
Volkswagen,ID.3,2020,400,16.4,7.2,50.0,45.0,Volkswagen_ID.3
Volkswagen,ID.3,2020,400,16.6,11.0,130.0,58.0,Volkswagen_ID.3
Volkswagen,ID.3,2020,400,17.1,11.0,130.0,77.0,Volkswagen_ID.3
Volkswagen,ID.3,2023,400,16.6,11.0,120.0,58.0,Volkswagen_ID.3
Volkswagen,ID.3,2023,400,16.9,11.0,170.0,77.0,Volkswagen_ID.3
Volkswagen,ID.4,2021,400,19.3,11.0,135.0,77.0,Volkswagen_ID.4
Volkswagen,ID.4,2024,400,18.1,11.0,135.0,77.0,Volkswagen_ID.4
Volkswagen,ID.4,2021,400,18.2,7.2,118.0,52.0,Volkswagen_ID.4
Volkswagen,ID.4,2021,400,18.2,7.2,118.0,52.0,Volkswagen_ID.4
Volkswagen,ID.5,2022,400,19.0,11.0,135.0,77.0,Volkswagen_ID.5
Volkswagen,ID.5,2022,400,17.9,11.0,135.0,77.0,Volkswagen_ID.5
Volkswagen,ID.5,2022,400,17.9,11.0,135.0,77.0,Volkswagen_ID.5
Volkswagen,ID.7,2023,400,16.2,11.0,175.0,77.0,Volkswagen_ID.7
Volkswagen,ID.7,2024,400,16.5,11.0,200.0,86.0,Volkswagen_ID.7
Volkswagen,ID.Buzz,2023,400,22.3,11.0,170.0,77.0,Volkswagen_ID.Buzz
Volkswagen,e-Golf,2020,400,15.3,7.2,40.0,31.5,Volkswagen_e-Golf
Volkswagen,e-Golf,2014,400,15.8,3.6,44.0,21.2,Volkswagen_e-Golf
Volkswagen,e-Golf,2017,400,16.4,7.2,40.0,31.5,Volkswagen_e-Golf
Volkswagen,e-up,2020,400,16.6,7.2,150.0,32.3,Volkswagen_e-up
Volkswagen,e-up,2013,400,16.8,3.6,44.0,16.5,Volkswagen_e-up
Volkswagen,e-up,2020,400,16.6,7.2,34.0,32.3,Volkswagen_e-up
Volkswagen,ID.7,2024,400,16.5,11.0,200.0,86.0,Volkswagen_ID.7
Volkswagen,ID.3,2024,400,16.3,11.0,145.0,52.0,Volkswagen_ID.3
Volkswagen,ID.4,2021,400,18.8,11.0,143.0,77.0,Volkswagen_ID.4
Volkswagen,ID.7,2024,400,16.4,11.0,190.0,77.0,Volkswagen_ID.7
Volkswagen,ID. Buzz,2024,400,23.2,11.0,200.0,86.0,Volkswagen_ID. Buzz
Volkswagen,ID.7,2024,400,17.9,11.0,200.0,86.0,Volkswagen_ID.7
Volkswagen,ID.3,2021,400,16.6,11.0,124.0,58.0,Volkswagen_ID.3
Volkswagen,ID.3,2024,400,17.2,11.0,185.0,79.0,Volkswagen_ID.3
Volkswagen,ID. Buzz,2024,400,24.2,11.0,200.0,86.0,Volkswagen_ID. Buzz
Volkswagen,ID.3,2020,400,16.6,11.0,124.0,58.0,Volkswagen_ID.3
Volkswagen,ID.4,2020,400,18.8,11.0,143.0,77.0,Volkswagen_ID.4
Volkswagen,ID.3,2021,400,16.4,11.0,101.0,45.0,Volkswagen_ID.3
Volkswagen,ID.3,2024,400,17.2,11.0,185.0,79.0,Volkswagen_ID.3
Volkswagen,ID. Buzz,2024,400,21.5,11.0,165.0,59.0,Volkswagen_ID. Buzz
Volkswagen,ID.3,2023,400,16.9,11.0,170.0,77.0,Volkswagen_ID.3
Volkswagen,ID.5,2024,400,16.3,11.0,145.0,52.0,Volkswagen_ID.5
Volkswagen,ID.3,2021,400,17.1,11.0,175.0,77.0,Volkswagen_ID.3
Volkswagen,ID. Buzz,2024,400,21.9,11.0,185.0,79.0,Volkswagen_ID. Buzz
Volkswagen,ID.7,2024,400,17.7,11.0,200.0,86.0,Volkswagen_ID.7
Volkswagen,ID. Buzz,2024,400,23.6,11.0,185.0,79.0,Volkswagen_ID. Buzz
Volkswagen,e-Up!,2014,400,16.8,16.0,37.0,16.0,Volkswagen_e-Up!
Volkswagen,e-Up!,2016,400,16.0,16.0,37.0,16.0,Volkswagen_e-Up!
Volkswagen,e-Golf,2017,400,16.8,32.0,32.0,32.0,Volkswagen_e-Golf
Volkswagen,e-Golf,2014,400,16.4,20.5,20.5,20.5,Volkswagen_e-Golf
Volkswagen,ID.3 Pure,2021,400,16.4,11.0,45.0,45.0,Volkswagen_ID.3 Pure
Volkswagen,pro,2020,400,16.6,11.0,58.0,58.0,Volkswagen_pro
Volkswagen,pro s,2020,400,17.1,11.0,77.0,77.0,Volkswagen_pro s
Volkswagen,1st,2020,400,16.6,11.0,58.0,58.0,Volkswagen_1st
Volkswagen,pro,2020,400,16.6,11.0,58.0,58.0,Volkswagen_pro
Volkswagen,pro,2021,400,16.6,11.0,58.0,58.0,Volkswagen_pro
Volkswagen,pure,2021,400,16.4,11.0,45.0,45.0,Volkswagen_pure
Volkswagen,pure,2021,400,18.2,11.0,52.0,52.0,Volkswagen_pure
Volkswagen,gtx,2021,400,19.3,11.0,77.0,77.0,Volkswagen_gtx
Volkswagen,pro,2021,400,16.6,11.0,58.0,58.0,Volkswagen_pro
Volkswagen,pro s-4 seats,2021,400,17.1,11.0,77.0,77.0,Volkswagen_pro s-4 seats
Volkswagen,pro s-5 seats,2021,400,17.1,11.0,77.0,77.0,Volkswagen_pro s-5 seats
Volkswagen,pro,2022,400,17.9,11.0,77.0,77.0,Volkswagen_pro
Volkswagen,pro,2022,400,17.9,11.0,77.0,77.0,Volkswagen_pro
Volkswagen,gtx,2022,400,19.0,11.0,77.0,77.0,Volkswagen_gtx
Volkswagen,buzz pro,2022,400,22.3,11.0,77.0,77.0,Volkswagen_buzz pro
Volkswagen,pro 4motion,2022,400,19.0,11.0,77.0,77.0,Volkswagen_pro 4motion
Volkswagen,pro,2023,400,16.6,11.0,58.0,58.0,Volkswagen_pro
Volkswagen,pro s-4 seats,2023,400,16.9,11.0,77.0,77.0,Volkswagen_pro s-4 seats
Volkswagen,pro s,2024,400,16.4,11.0,86.0,86.0,Volkswagen_pro s
Volkswagen,pure,2023,400,18.2,11.0,52.0,52.0,Volkswagen_pure
Volkswagen,pro 4motion,2023,400,17.7,11.0,77.0,77.0,Volkswagen_pro 4motion
Volkswagen,gtx,2023,400,17.9,11.0,77.0,77.0,Volkswagen_gtx
Volvo,C40,2023,400,19.4,11.0,150.0,67.0,Volvo_C40
Volvo,C40,2023,400,19.5,11.0,200.0,78.0,Volvo_C40
Volvo,C40,2023,400,20.0,11.0,200.0,78.0,Volvo_C40
Volvo,EX30,2023,400,17.5,11.0,148.0,49.0,Volvo_EX30
Volvo,EX30,2023,400,17.5,11.0,153.0,64.0,Volvo_EX30
Volvo,EX30,2023,400,17.5,22.0,153.0,64.0,Volvo_EX30
Volvo,EX90,2023,400,22.0,11.0,250.0,101.0,Volvo_EX90
Volvo,XC40,2020,400,17.6,11.0,148.0,78.0,Volvo_XC40
Volvo,EX40 Single Motor ER,2024,400,19.8,11.0,205.0,79.0,Volvo_EX40 Single Motor ER
Volvo,ES90 Twin Motor,2025,400,19.2,11.0,350.0,102.0,Volvo_ES90 Twin Motor
Volvo,EX30 Twin Motor Performance,2023,400,19.1,11.0,158.0,64.0,Volvo_EX30 Twin Motor Performance
Volvo,EX90 Twin Motor,2022,400,23.0,11.0,250.0,107.0,Volvo_EX90 Twin Motor
Volvo,ES90 Twin Motor Performance,2025,400,19.2,11.0,350.0,102.0,Volvo_ES90 Twin Motor Performance
Volvo,EX40 Single Motor,2024,400,19.4,11.0,180.0,67.0,Volvo_EX40 Single Motor
Volvo,EX90 Twin Motor Performance,2022,400,23.8,11.0,250.0,107.0,Volvo_EX90 Twin Motor Performance
Volvo,XC40 Recharge Pure Electric,2022,400,20.3,11.0,136.0,67.0,Volvo_XC40 Recharge Pure Electric
Volvo,EC40 Single Motor ER,2024,400,18.8,11.0,205.0,79.0,Volvo_EC40 Single Motor ER
Volvo,ES90 Single Motor,2025,400,18.1,11.0,300.0,88.0,Volvo_ES90 Single Motor
Volvo,EX30 Cross Country,2025,400,20.0,11.0,158.0,64.0,Volvo_EX30 Cross Country
Volvo,EX40 Twin Motor,2024,400,20.5,11.0,205.0,79.0,Volvo_EX40 Twin Motor
Volvo,XC40 P8 AWD Recharge,2020,400,22.4,11.0,149.0,75.0,Volvo_XC40 P8 AWD Recharge
Volvo,XC40 Recharge Single Motor ER,2022,400,19.8,11.0,205.0,79.0,Volvo_XC40 Recharge Single Motor ER
Volvo,XC40 Recharge Single Motor,2022,400,19.4,11.0,135.0,66.0,Volvo_XC40 Recharge Single Motor
Volvo,XC40 Recharge Twin Motor,2022,400,20.5,11.0,205.0,79.0,Volvo_XC40 Recharge Twin Motor
Volvo,EC40 Twin Motor,2024,400,19.8,11.0,205.0,79.0,Volvo_EC40 Twin Motor
Volvo,EC40 Single Motor,2024,400,18.6,11.0,180.0,67.0,Volvo_EC40 Single Motor
Volvo,EX40 Twin Motor Performance,2024,400,20.8,11.0,205.0,79.0,Volvo_EX40 Twin Motor Performance
Volvo,EC40 Twin Motor Performance,2024,400,19.8,11.0,205.0,79.0,Volvo_EC40 Twin Motor Performance
Volvo,XC40 Recharge Twin Pure Electric,2022,400,21.4,11.0,149.0,75.0,Volvo_XC40 Recharge Twin Pure Electric
Volvo,C40 Recharge Pure Electric,2022,400,20.0,11.0,136.0,67.0,Volvo_C40 Recharge Pure Electric
Volvo,C40 Recharge Twin Pure Electric,2021,400,20.8,11.0,149.0,75.0,Volvo_C40 Recharge Twin Pure Electric
Volvo,p8 awd recharge,2020,400,22.4,11.0,75.0,75.0,Volvo_p8 awd recharge
Volvo,recharge twin pure electric,2021,400,22.4,11.0,75.0,75.0,Volvo_recharge twin pure electric
Volvo,recharge pure electric,2021,400,22.0,11.0,67.0,67.0,Volvo_recharge pure electric
Volvo,recharge pure electric,2022,400,20.0,11.0,67.0,67.0,Volvo_recharge pure electric
Volvo,recharge twin pure electric,2022,400,21.4,11.0,75.0,75.0,Volvo_recharge twin pure electric
Volvo,twin motor,2022,400,23.0,11.0,107.0,107.0,Volvo_twin motor
Volvo,twin motor,2022,400,23.8,11.0,107.0,107.0,Volvo_twin motor
Volvo,recharge single motor,2022,400,18.6,11.0,66.0,66.0,Volvo_recharge single motor
Volvo,recharge single motor er,2022,400,18.8,11.0,79.0,79.0,Volvo_recharge single motor er
Volvo,recharge twin motor,2022,400,19.8,11.0,79.0,79.0,Volvo_recharge twin motor
Volvo,single motor,2023,400,17.8,11.0,49.0,49.0,Volvo_single motor
Volvo,single motor er,2023,400,17.8,11.0,64.0,64.0,Volvo_single motor er
Volvo,twin motor,2023,400,19.1,11.0,64.0,64.0,Volvo_twin motor
Voyah,Free,2023,400,20.8,11.0,100.0,100.0,Voyah_Free
Voyah,Free 106 kWh,2023,400,20.8,11.0,100.0,100.0,Voyah_Free 106 kWh
Voyah,106kwh,2023,400,20.8,11.0,100.0,100.0,Voyah_106kwh
XPENG,P5,2022,400,15.6,11.0,80.0,60.0,XPENG_P5
XPENG,G9 RWD Long Range,2023,400,19.4,11.0,319.0,93.1,XPENG_G9 RWD Long Range
XPENG,G6 RWD Standard Range,2024,400,17.8,11.0,215.0,66.0,XPENG_G6 RWD Standard Range
XPENG,G6 AWD Performance,2024,400,18.4,11.0,280.0,87.5,XPENG_G6 AWD Performance
XPENG,P7 RWD Long Range,2023,400,16.7,11.0,182.0,82.7,XPENG_P7 RWD Long Range
XPENG,G9 AWD Performance,2023,400,20.0,11.0,319.0,93.1,XPENG_G9 AWD Performance
XPENG,P7 Wing Edition,2023,400,18.2,11.0,182.0,82.7,XPENG_P7 Wing Edition
XPENG,G9 RWD Standard Range,2023,400,19.2,11.0,260.0,75.8,XPENG_G9 RWD Standard Range
XPENG,P7 AWD Performance,2023,400,18.0,11.0,182.0,82.7,XPENG_P7 AWD Performance
XPENG,G6 RWD Long Range,2024,400,18.2,11.0,280.0,87.5,XPENG_G6 RWD Long Range
XPENG,rwd long range,2023,400,16.7,11.0,82.7,82.7,XPENG_rwd long range
XPENG,awd,2023,400,18.0,11.0,82.7,82.7,XPENG_awd
XPENG,wing edition,2023,400,18.2,11.0,82.7,82.7,XPENG_wing edition
XPENG,rwd standard range,2023,800,19.2,11.0,75.8,75.8,XPENG_rwd standard range
Zeekr,001,2023,400,17.9,22.0,200.0,94.0,Zeekr_001
Zeekr,001,2023,400,18.8,22.0,200.0,94.0,Zeekr_001
Zeekr,001,2023,400,19.0,22.0,200.0,94.0,Zeekr_001
Zeekr,X,2023,400,18.0,22.0,158.0,64.0,Zeekr_X
Zeekr,X,2023,400,18.6,22.0,158.0,64.0,Zeekr_X
Zeekr,7X Performance AWD,2025,400,19.8,11.0,360.0,94.0,Zeekr_7X Performance AWD
Zeekr,7X Premium RWD,2025,400,18.2,11.0,360.0,71.0,Zeekr_7X Premium RWD
Zeekr,7X Long Range RWD,2025,400,18.4,11.0,360.0,94.0,Zeekr_7X Long Range RWD
Zeekr,long range rwd,2023,400,18.6,22.0,94.0,94.0,Zeekr_long range rwd
Zeekr,performance awd,2023,400,19.6,22.0,94.0,94.0,Zeekr_performance awd
Zeekr,privilege,2023,400,19.6,22.0,94.0,94.0,Zeekr_privilege
