image,name,range,effeciency,battery,price
https://ev-database.org/img/auto/BYD_ATTO_3_2025/BYD_ATTO_3_2025-01-thumb.jpg,BYDATTO,340 km,178 Wh/km,60.5 kWh,"€38,990"
https://ev-database.org/img/auto/BMW_iX3_2026/BMW_iX3_2026-01-thumb.jpg,BMWiX3,610 km,178 Wh/km,108.7 kWh,"€68,900"
https://ev-database.org/img/auto/MG_MG4_Electric_2022/MG_MG4_Electric_2022-01-thumb.jpg,MGMG4,360 km,171 Wh/km,61.7 kWh,"€39,990"
https://ev-database.org/img/auto/Fiat_500e_Hatchback_2020/Fiat_500e_Hatchback_2020-01-thumb.jpg,Fiat500e,235 km,159 Wh/km,37.3 kWh,"€34,990"
https://ev-database.org/img/auto/Renault_5_ETech/Renault_5_ETech-01-thumb.jpg,Renault5,335 km,155 Wh/km,52.0 kWh,"€32,900"
https://ev-database.org/img/auto/Mercedes_CLA/Mercedes_CLA-01-thumb.jpg,Mercedes-BenzCLA,585 km,145 Wh/km,85.0 kWh,"€55,859"
https://ev-database.org/img/auto/Tesla_Model_3_Standard_2026/Tesla_Model_3_Standard_2026-01-thumb.jpg,TeslaModel,445 km,135 Wh/km,60.0 kWh,"€37,970"
https://ev-database.org/img/auto/BYD_ATTO_2/BYD_ATTO_2-01-thumb.jpg,BYDATTO,245 km,184 Wh/km,45.1 kWh,"€31,990"
https://ev-database.org/img/auto/Kia_EV3_2025/Kia_EV3_2025-01-thumb.jpg,KiaEV3,455 km,171 Wh/km,78.0 kWh,"€41,390"
https://ev-database.org/img/auto/Leapmotor_B10/Leapmotor_B10-01-thumb.jpg,LeapmotorB10,360 km,181 Wh/km,65.0 kWh,"€32,400"
https://ev-database.org/img/auto/Renault_4_ETech/Renault_4_ETech-01-thumb.jpg,Renault4,315 km,165 Wh/km,52.0 kWh,"€32,400"
https://ev-database.org/img/auto/Tesla_Model_Y_Standard_2026/Tesla_Model_Y_Standard_2026-01-thumb.jpg,TeslaModel,380 km,158 Wh/km,60.0 kWh,"€40,970"
https://ev-database.org/img/auto/BYD_SEALION_7/BYD_SEALION_7-01-thumb.jpg,BYDSEALION,440 km,208 Wh/km,91.3 kWh,"€58,990"
https://ev-database.org/img/auto/Mercedes_GLB/Mercedes_GLB-01-thumb.jpg,Mercedes-BenzGLB,460 km,185 Wh/km,85.0 kWh,"€62,178"
https://ev-database.org/img/auto/Tesla_Model_3_2024/Tesla_Model_3_2024-01-thumb.jpg,TeslaModel,580 km,136 Wh/km,79.0 kWh,"£44,990"
https://ev-database.org/img/auto/Tesla_Model_3_2024/Tesla_Model_3_2024-01-thumb.jpg,TeslaModel,440 km,136 Wh/km,60.0 kWh,"£39,990"
https://ev-database.org/img/auto/Mercedes_GLC_2026/Mercedes_GLC_2026-01-thumb.jpg,Mercedes-BenzGLC,500 km,188 Wh/km,94.0 kWh,"€71,281"
https://ev-database.org/img/auto/Fiat_Grande_Panda_2024/Fiat_Grande_Panda_2024-01-thumb.jpg,FiatGrande,260 km,168 Wh/km,43.8 kWh,"€24,990"
https://ev-database.org/img/auto/Tesla_Model_Y_2025/Tesla_Model_Y_2025-01-thumb.jpg,TeslaModel,475 km,166 Wh/km,79.0 kWh,"€53,970"
https://ev-database.org/img/auto/Volvo_EX30_2024/Volvo_EX30_2024-01-thumb.jpg,VolvoEX30,365 km,178 Wh/km,65.0 kWh,"€44,990"
https://ev-database.org/img/auto/Tesla_Model_Y_Performance_2025/Tesla_Model_Y_Performance_2025-01-thumb.jpg,TeslaModel,460 km,172 Wh/km,79.0 kWh,"€62,970"
https://ev-database.org/img/auto/Hyundai_IONIQ5_2024/Hyundai_IONIQ5_2024-01-thumb.jpg,HyundaiIONIQ,450 km,178 Wh/km,80.0 kWh,"€51,650"
https://ev-database.org/img/auto/BMW_iX1_2022/BMW_iX1_2022-01-thumb.jpg,BMWiX1,380 km,170 Wh/km,64.7 kWh,"€55,000"
https://ev-database.org/img/auto/Skoda_Elroq_2024/Skoda_Elroq_2024-01-thumb.jpg,ŠkodaElroq,450 km,171 Wh/km,77.0 kWh,"€44,180"
https://ev-database.org/img/auto/Kia-NiroEV-2022/Kia-NiroEV-2022-01-thumb.jpg,KiaNiro,385 km,168 Wh/km,64.8 kWh,"€45,690"
https://ev-database.org/img/auto/Hyundai_Kona_Electric_2024/Hyundai_Kona_Electric_2024-01-thumb.jpg,HyundaiKona,390 km,168 Wh/km,65.4 kWh,"€47,190"
https://ev-database.org/img/auto/Mercedes_EQS_2024/Mercedes_EQS_2024-01-thumb.jpg,Mercedes-BenzEQS,685 km,172 Wh/km,118.0 kWh,"€109,551"
https://ev-database.org/img/auto/Mercedes_GLB/Mercedes_GLB-01-thumb.jpg,Mercedes-BenzGLB,465 km,183 Wh/km,85.0 kWh,"€59,048"
https://ev-database.org/img/auto/BYD_SEAL/BYD_SEAL-01-thumb.jpg,BYDSEAL,445 km,185 Wh/km,82.5 kWh,"€52,990"
https://ev-database.org/img/auto/Volkswagen_ID3_2024/Volkswagen_ID3_2024-01-thumb.jpg,VolkswagenID.3,325 km,160 Wh/km,52.0 kWh,"€33,330"
https://ev-database.org/img/auto/Mazda_6e/Mazda_6e-01-thumb.jpg,Mazda6e,385 km,171 Wh/km,66.0 kWh,"€44,900"
https://ev-database.org/img/auto/Renault_Megane_ETech/Renault_Megane_ETech-01-thumb.jpg,RenaultMegane,380 km,158 Wh/km,60.0 kWh,"€40,990"
https://ev-database.org/img/auto/Rolls-Royce-Spectre/Rolls-Royce-Spectre-01-thumb.jpg,Rolls-RoyceSpectreRolls-Royce,465 km,219 Wh/km,102.0 kWh,"€379,015"
https://ev-database.org/img/auto/Peugeot_e-2008_2024/Peugeot_e-2008_2024-01-thumb.jpg,Peugeote-2008,300 km,169 Wh/km,50.8 kWh,"€40,550"
https://ev-database.org/img/auto/MG_MGS5_EV_Electric_2025/MG_MGS5_EV_Electric_2025-01-thumb.jpg,MGMGS5,365 km,170 Wh/km,62.1 kWh,"€42,990"
https://ev-database.org/img/auto/Mercedes_EQB_2024/Mercedes_EQB_2024-01-thumb.jpg,Mercedes-BenzEQB,415 km,170 Wh/km,70.5 kWh,"€51,356"
https://ev-database.org/img/auto/Volvo_EX30_2024/Volvo_EX30_2024-01-thumb.jpg,VolvoEX30,275 km,178 Wh/km,49.0 kWh,"€39,790"
https://ev-database.org/img/auto/BYD_TANG_2024/BYD_TANG_2024-01-thumb.jpg,BYDTANG,460 km,237 Wh/km,108.8 kWh,"€69,615"
https://ev-database.org/img/auto/Leapmotor_T03/Leapmotor_T03-01-thumb.jpg,LeapmotorT03Leapmotor,225 km,160 Wh/km,36.0 kWh,"€18,900"
https://ev-database.org/img/auto/XPENG_G6_2025/XPENG_G6_2025-01-thumb.jpg,XPENGG6,435 km,184 Wh/km,80.0 kWh,"€47,600"
https://ev-database.org/img/auto/Changan_Deepal_S05/Changan_Deepal_S05-01-thumb.jpg,ChanganDeepal,385 km,177 Wh/km,68.0 kWh,"€38,990"
https://ev-database.org/img/auto/Ford_Explorer_2024/Ford_Explorer_2024-01-thumb.jpg,FordExplorer,435 km,177 Wh/km,77.0 kWh,"€48,510"
https://ev-database.org/img/auto/Kia_EV5_2026/Kia_EV5_2026-01-thumb.jpg,KiaEV5,400 km,195 Wh/km,78.0 kWh,"€45,990"
https://ev-database.org/img/auto/Mercedes_CLA_Shooting_Brake/Mercedes_CLA_Shooting_Brake-01-thumb.jpg,Mercedes-BenzCLA,565 km,150 Wh/km,85.0 kWh,"€57,096"
https://ev-database.org/img/auto/Kia_PV5_Passenger/Kia_PV5_Passenger-01-thumb.jpg,KiaPV5,315 km,213 Wh/km,67.0 kWh,"€42,290"
https://ev-database.org/img/auto/Hyundai_Inster_2025/Hyundai_Inster_2025-01-thumb.jpg,HyundaiINSTER,300 km,153 Wh/km,46.0 kWh,"€25,400"
https://ev-database.org/img/auto/Tesla_Model_Y_2025/Tesla_Model_Y_2025-01-thumb.jpg,TeslaModel,470 km,160 Wh/km,75.0 kWh,"€50,970"
https://ev-database.org/img/auto/Tesla_Model_3_2024/Tesla_Model_3_2024-01-thumb.jpg,TeslaModel,580 km,136 Wh/km,79.0 kWh,"€45,970"
https://ev-database.org/img/auto/BYD_SEALION_7/BYD_SEALION_7-01-thumb.jpg,BYDSEALION,420 km,196 Wh/km,82.5 kWh,"€47,990"
https://ev-database.org/img/auto/Volkswagen_ID3_2024/Volkswagen_ID3_2024-01-thumb.jpg,VolkswagenID.3,365 km,162 Wh/km,59.0 kWh,"€36,425"
https://ev-database.org/img/auto/Skoda_Elroq_2024/Skoda_Elroq_2024-01-thumb.jpg,ŠkodaElroq,310 km,168 Wh/km,52.0 kWh,"€33,900"
https://ev-database.org/img/auto/Dongfeng_Box/Dongfeng_Box-01-thumb.jpg,DongfengBox,255 km,157 Wh/km,40.0 kWh,"€24,499"
https://ev-database.org/img/auto/BMW_iX1_2022/BMW_iX1_2022-01-thumb.jpg,BMWiX1,390 km,166 Wh/km,64.7 kWh,"€47,900"
https://ev-database.org/img/auto/Renault_Scenic_ETech/Renault_Scenic_ETech-01-thumb.jpg,RenaultScenic,480 km,181 Wh/km,87.0 kWh,"€47,900"
https://ev-database.org/img/auto/Kia_EV3_2025/Kia_EV3_2025-01-thumb.jpg,KiaEV3,325 km,169 Wh/km,55.0 kWh,"€35,990"
https://ev-database.org/img/auto/Citroen_e-C3/Citroen_e-C3-01-thumb.jpg,Citroënë-C3,255 km,172 Wh/km,43.8 kWh,"€23,300"
https://ev-database.org/img/auto/Skoda_Elroq_2024/Skoda_Elroq_2024-01-thumb.jpg,ŠkodaElroq,350 km,169 Wh/km,59.0 kWh,"€38,680"
https://ev-database.org/img/auto/Zeekr_7X_2024/Zeekr_7X_2024-01-thumb.jpg,Zeekr7X,475 km,198 Wh/km,94.0 kWh,"€63,990"
https://ev-database.org/img/auto/Opel_Corsa_Electric_2023/Opel_Corsa_Electric_2023-01-thumb.jpg,OpelCorsa,335 km,152 Wh/km,50.8 kWh,"€31,490"
https://ev-database.org/img/auto/Renault_Twingo_2026/Renault_Twingo_2026-01-thumb.jpg,RenaultTwingo,185 km,149 Wh/km,27.5 kWh,"€22,570"
https://ev-database.org/img/auto/Mini_Countryman_2024/Mini_Countryman_2024-01-thumb.jpg,MiniCountryman,380 km,170 Wh/km,64.6 kWh,"€43,500"
https://ev-database.org/img/auto/Jaecoo_5_BEV/Jaecoo_5_BEV-01-thumb.jpg,Jaecoo5,325 km,181 Wh/km,58.9 kWh,"€30,890"
https://ev-database.org/img/auto/Hyundai_IONIQ6_2022/Hyundai_IONIQ6_2022-01-thumb.jpg,HyundaiIONIQ,495 km,149 Wh/km,74.0 kWh,"€54,000"
https://ev-database.org/img/auto/Skoda_Enyaq_2025/Skoda_Enyaq_2025-01-thumb.jpg,ŠkodaEnyaq,455 km,169 Wh/km,77.0 kWh,"€48,900"
https://ev-database.org/img/auto/Mercedes_CLA/Mercedes_CLA-01-thumb.jpg,Mercedes-BenzCLA,575 km,148 Wh/km,85.0 kWh,"€60,381"
https://ev-database.org/img/auto/Citroen_e-C3_Aircross/Citroen_e-C3_Aircross-01-thumb.jpg,Citroënë-C3,290 km,184 Wh/km,53.5 kWh,"€30,690"
https://ev-database.org/img/auto/Kia_EV4_hatchback_2025/Kia_EV4_hatchback_2025-01-thumb.jpg,KiaEV4,475 km,164 Wh/km,78.0 kWh,"€43,240"
https://ev-database.org/img/auto/Ford_Puma_Gen-E/Ford_Puma_Gen-E-01-thumb.jpg,FordPuma,275 km,159 Wh/km,43.6 kWh,"€36,900"
https://ev-database.org/img/auto/Zeekr_7X_2024/Zeekr_7X_2024-01-thumb.jpg,Zeekr7X,490 km,192 Wh/km,94.0 kWh,"€56,990"
https://ev-database.org/img/auto/TOGG_T10F/TOGG_T10F-01-thumb.jpg,TOGGT10F,490 km,173 Wh/km,85.0 kWh,"€40,118"
https://ev-database.org/img/auto/BYD_DOLPHIN_SURF/BYD_DOLPHIN_SURF-01-thumb.jpg,BYDDOLPHIN,265 km,163 Wh/km,43.2 kWh,"€30,990"
https://ev-database.org/img/auto/Hyundai_IONIQ5_2024/Hyundai_IONIQ5_2024-01-thumb.jpg,HyundaiIONIQ,345 km,174 Wh/km,60.0 kWh,"€43,900"
https://ev-database.org/img/auto/MG_MG4_Electric_2022/MG_MG4_Electric_2022-01-thumb.jpg,MGMG4,300 km,169 Wh/km,50.8 kWh,"€34,990"
https://ev-database.org/img/auto/Kia_EV6_2024/Kia_EV6_2024-01-thumb.jpg,KiaEV6,440 km,182 Wh/km,80.0 kWh,"€53,990"
https://ev-database.org/img/auto/Fiat_600e/Fiat_600e-01-thumb.jpg,Fiat600eFiat,310 km,164 Wh/km,50.8 kWh,"€36,490"
https://ev-database.org/img/auto/Tesla_Model_3_2024/Tesla_Model_3_2024-01-thumb.jpg,TeslaModel,555 km,142 Wh/km,79.0 kWh,"£49,990"
https://ev-database.org/img/auto/Audi_Q4_e-tron_2021/Audi_Q4_e-tron_2021-01-thumb.jpg,AudiQ4,420 km,183 Wh/km,77.0 kWh,"€52,950"
https://ev-database.org/img/auto/Opel_Frontera_2024/Opel_Frontera_2024-01-thumb.jpg,OpelFrontera,290 km,184 Wh/km,53.5 kWh,"€31,190"
https://ev-database.org/img/auto/Lucid_Air/Lucid_Air-01-thumb.jpg,LucidAir,720 km,163 Wh/km,117.0 kWh,"€130,900"
https://ev-database.org/img/auto/Mercedes_G-Class/Mercedes_G-Class-01-thumb.jpg,Mercedes-BenzG,395 km,294 Wh/km,116.0 kWh,"€142,622"
https://ev-database.org/img/auto/Omoda_E5_2024/Omoda_E5_2024-01-thumb.jpg,OmodaE5Omoda,330 km,178 Wh/km,58.9 kWh,"€29,990"
https://ev-database.org/img/auto/Toyota_C-HR-Plus_2026/Toyota_C-HR-Plus_2026-01-thumb.jpg,ToyotaC-HR+,430 km,167 Wh/km,72.0 kWh,"€43,995"
https://ev-database.org/img/auto/Citroen_C5_Aircross/Citroen_C5_Aircross-01-thumb.jpg,CitroënC5,485 km,200 Wh/km,96.9 kWh,"£32,935"
https://ev-database.org/img/auto/Mercedes_EQA_2024/Mercedes_EQA_2024-01-thumb.jpg,Mercedes-BenzEQA,395 km,168 Wh/km,66.5 kWh,"€50,777"
https://ev-database.org/img/auto/Audi_A6_Avant_etron_2024/Audi_A6_Avant_etron_2024-01-thumb.jpg,AudiA6,575 km,165 Wh/km,94.9 kWh,"€77,250"
https://ev-database.org/img/auto/BYD_SEAL_U/BYD_SEAL_U-01-thumb.jpg,BYDSEAL,425 km,205 Wh/km,87.0 kWh,"€44,990"
https://ev-database.org/img/auto/Tesla_Model_3_Performance_2024/Tesla_Model_3_Performance_2024-01-thumb.jpg,TeslaModel,515 km,153 Wh/km,79.0 kWh,"€59,470"
https://ev-database.org/img/auto/BYD_SEAL/BYD_SEAL-01-thumb.jpg,BYDSEAL,480 km,172 Wh/km,82.5 kWh,"€48,990"
https://ev-database.org/img/auto/Hyundai_IONIQ6_2022/Hyundai_IONIQ6_2022-01-thumb.jpg,HyundaiIONIQ,335 km,149 Wh/km,50.0 kWh,"€43,900"
https://ev-database.org/img/auto/Nissan_Ariya/Nissan_Ariya-01-thumb.jpg,NissanAriya,450 km,193 Wh/km,87.0 kWh,"€53,490"
https://ev-database.org/img/auto/Opel_Astra_Electric/Opel_Astra_Electric-01-thumb.jpg,OpelAstra,320 km,159 Wh/km,50.8 kWh,"€41,990"
https://ev-database.org/img/auto/Alpine_A290_2024/Alpine_A290_2024-01-thumb.jpg,AlpineA290,310 km,168 Wh/km,52.0 kWh,"€38,700"
https://ev-database.org/img/auto/LynkCo_02_2024/LynkCo_02_2024-01-thumb.jpg,Lynk&Co02Lynk&Co,370 km,176 Wh/km,65.0 kWh,"€35,995"
https://ev-database.org/img/auto/Volkswagen_ID4_2024/Volkswagen_ID4_2024-01-thumb.jpg,VolkswagenID.4,445 km,173 Wh/km,77.0 kWh,"€46,335"
https://ev-database.org/img/auto/KGM_Torres_EVX/KGM_Torres_EVX-01-thumb.jpg,KGMTorres,370 km,195 Wh/km,72.0 kWh,"€41,990"
https://ev-database.org/img/auto/Cupra_el-Born/Cupra_el-Born-01-thumb.jpg,CUPRABorn,360 km,164 Wh/km,59.0 kWh,"€40,450"
https://ev-database.org/img/auto/XPENG_G6/XPENG_G6-01-thumb.jpg,XPENGG6,480 km,182 Wh/km,87.5 kWh,"£44,990"
https://ev-database.org/img/auto/BMW_iX_2025/BMW_iX_2025-01-thumb.jpg,BMWiX,525 km,208 Wh/km,109.1 kWh,"€99,900"
https://ev-database.org/img/auto/BMW_i4_2024/BMW_i4_2024-01-thumb.jpg,BMWi4,525 km,155 Wh/km,81.3 kWh,"€60,600"
https://ev-database.org/img/auto/Audi_A6_Sportback_etron_2024/Audi_A6_Sportback_etron_2024-01-thumb.jpg,AudiA6,600 km,158 Wh/km,94.9 kWh,"€75,600"
https://ev-database.org/img/auto/Nissan_LEAF_2026/Nissan_LEAF_2026-01-thumb.jpg,NissanLEAF,455 km,165 Wh/km,75.0 kWh,"£32,249"
https://ev-database.org/img/auto/Smart_5_2025/Smart_5_2025-01-thumb.jpg,Smart#5,465 km,202 Wh/km,94.0 kWh,"€55,400"
https://ev-database.org/img/auto/Peugeot_e-308_2026/Peugeot_e-308_2026-01-thumb.jpg,Peugeote-308,345 km,161 Wh/km,55.4 kWh,"€42,435"
https://ev-database.org/img/auto/Kia_EV9_2023/Kia_EV9_2023-01-thumb.jpg,KiaEV9,435 km,221 Wh/km,96.0 kWh,"€68,990"
https://ev-database.org/img/auto/Mini_Aceman_Electric_2024/Mini_Aceman_Electric_2024-01-thumb.jpg,MiniAceman,230 km,167 Wh/km,38.5 kWh,"€34,900"
https://ev-database.org/img/auto/XPENG_G9_2025/XPENG_G9_2025-01-thumb.jpg,XPENGG9,480 km,192 Wh/km,92.2 kWh,"€63,600"
https://ev-database.org/img/auto/BYD_SEALION_7/BYD_SEALION_7-01-thumb.jpg,BYDSEALION,405 km,204 Wh/km,82.5 kWh,"€53,990"
https://ev-database.org/img/auto/Hyundai_IONIQ9_2024/Hyundai_IONIQ9_2024-01-thumb.jpg,HyundaiIONIQ,495 km,214 Wh/km,106.0 kWh,"€81,500"
https://ev-database.org/img/auto/Leapmotor_C10/Leapmotor_C10-01-thumb.jpg,LeapmotorC10,380 km,216 Wh/km,81.9 kWh,"€44,900"
https://ev-database.org/img/auto/Changan_Deepal_S07/Changan_Deepal_S07-01-thumb.jpg,ChanganDeepal,410 km,190 Wh/km,78.0 kWh,"€44,990"
https://ev-database.org/img/auto/Audi_Q6_etron_2024/Audi_Q6_etron_2024-01-thumb.jpg,AudiQ6,480 km,198 Wh/km,94.9 kWh,"€74,700"
https://ev-database.org/img/auto/Peugeot_e-3008_2024/Peugeot_e-3008_2024-01-thumb.jpg,Peugeote-3008,380 km,192 Wh/km,73.0 kWh,"€48,750"
https://ev-database.org/img/auto/TOGG_T10X/TOGG_T10X-01-thumb.jpg,TOGGT10X,440 km,193 Wh/km,85.0 kWh,"€40,118"
https://ev-database.org/img/auto/Jeep_Avenger/Jeep_Avenger-01-thumb.jpg,JeepAvenger,310 km,164 Wh/km,50.8 kWh,"€38,500"
https://ev-database.org/img/auto/Volkswagen_ID3_2024/Volkswagen_ID3_2024-01-thumb.jpg,VolkswagenID.3,475 km,166 Wh/km,79.0 kWh,"€44,025"
https://ev-database.org/img/auto/BMW_i7_2022/BMW_i7_2022-01-thumb.jpg,BMWi7,510 km,199 Wh/km,101.7 kWh,"€139,900"
https://ev-database.org/img/auto/Polestar_4_2024/Polestar_4_2024-01-thumb.jpg,Polestar4,495 km,190 Wh/km,94.0 kWh,"€63,200"
https://ev-database.org/img/auto/Polestar_4_2024/Polestar_4_2024-01-thumb.jpg,Polestar4,485 km,194 Wh/km,94.0 kWh,"€71,200"
https://ev-database.org/img/auto/Peugeot_e-3008_2024/Peugeot_e-3008_2024-01-thumb.jpg,Peugeote-3008,500 km,194 Wh/km,96.9 kWh,"€52,850"
https://ev-database.org/img/auto/BYD_ATTO_2/BYD_ATTO_2-01-thumb.jpg,BYDATTO,310 km,187 Wh/km,58.0 kWh,"€36,690"
https://ev-database.org/img/auto/KGM_Torres_EVX/KGM_Torres_EVX-01-thumb.jpg,KGMTorres,400 km,198 Wh/km,79.0 kWh,"€41,250"
https://ev-database.org/img/auto/Firefly_2025/Firefly_2025-01-thumb.jpg,fireflyfireflyfirefly,240 km,172 Wh/km,41.2 kWh,"€29,900"
https://ev-database.org/img/auto/Porsche_Cayenne_2026/Porsche_Cayenne_2026-01-thumb.jpg,PorscheCayenne,520 km,208 Wh/km,108.0 kWh,"€105,200"
https://ev-database.org/img/auto/Zeekr_001_2023/Zeekr_001_2023-01-thumb.jpg,Zeekr001,480 km,196 Wh/km,94.0 kWh,"€64,490"
https://ev-database.org/img/auto/Porsche_Taycan_Sport_Turismo_2024/Porsche_Taycan_Sport_Turismo_2024-01-thumb.jpg,PorscheTaycan,440 km,187 Wh/km,82.3 kWh,"€121,800"
https://ev-database.org/img/auto/Mercedes_CLA/Mercedes_CLA-01-thumb.jpg,Mercedes-BenzCLA,400 km,145 Wh/km,58.0 kWh,"€49,421"
https://ev-database.org/img/auto/Hyundai_IONIQ5_N_2024/Hyundai_IONIQ5_N_2024-01-thumb.jpg,HyundaiIONIQ,390 km,205 Wh/km,80.0 kWh,"€74,900"
https://ev-database.org/img/auto/Lancia_Ypsilon/Lancia_Ypsilon-01-thumb.jpg,LanciaYpsilon,325 km,156 Wh/km,50.8 kWh,"€33,700"
https://ev-database.org/img/auto/MG_IM5_2025/MG_IM5_2025-01-thumb.jpg,MGIM5,530 km,182 Wh/km,96.5 kWh,"£44,995"
https://ev-database.org/img/auto/Mini_Cooper_Electric_2024/Mini_Cooper_Electric_2024-01-thumb.jpg,MiniCooper,250 km,146 Wh/km,36.6 kWh,"€32,900"
https://ev-database.org/img/auto/BYD_SEAL/BYD_SEAL-01-thumb.jpg,BYDSEAL,365 km,168 Wh/km,61.4 kWh,"€46,990"
https://ev-database.org/img/auto/CUPRA_Tavascan_2024/CUPRA_Tavascan_2024-01-thumb.jpg,CUPRATavascan,445 km,173 Wh/km,77.0 kWh,"€56,210"
https://ev-database.org/img/auto/Dacia_Spring_Electric_2026/Dacia_Spring_Electric_2026-01-thumb.jpg,DaciaSpring,160 km,150 Wh/km,24.0 kWh,"€18,700"
https://ev-database.org/img/auto/Tesla_Model_3_2024/Tesla_Model_3_2024-01-thumb.jpg,TeslaModel,555 km,142 Wh/km,79.0 kWh,"€50,970"
https://ev-database.org/img/auto/Hyundai_IONIQ6_2022/Hyundai_IONIQ6_2022-01-thumb.jpg,HyundaiIONIQ,440 km,168 Wh/km,74.0 kWh,"€61,100"
https://ev-database.org/img/auto/Hyundai_IONIQ5_2024/Hyundai_IONIQ5_2024-01-thumb.jpg,HyundaiIONIQ,445 km,180 Wh/km,80.0 kWh,"€59,400"
https://ev-database.org/img/auto/Smart_5_Brabus_2025/Smart_5_Brabus_2025-01-thumb.jpg,Smart#5,450 km,209 Wh/km,94.0 kWh,"€60,900"
https://ev-database.org/img/auto/BYD_DOLPHIN_2025/BYD_DOLPHIN_2025-01-thumb.jpg,BYDDOLPHIN,350 km,173 Wh/km,60.5 kWh,"€34,640"
https://ev-database.org/img/auto/Peugeot_e-5008_2024/Peugeot_e-5008_2024-01-thumb.jpg,Peugeote-5008,370 km,197 Wh/km,73.0 kWh,"€51,250"
https://ev-database.org/img/auto/Peugeot_e-208_2024/Peugeot_e-208_2024-01-thumb.jpg,Peugeote-208,335 km,152 Wh/km,50.8 kWh,"€37,525"
https://ev-database.org/img/auto/Mercedes_EQA_2024/Mercedes_EQA_2024-01-thumb.jpg,Mercedes-BenzEQA,420 km,168 Wh/km,70.5 kWh,"€52,205"
https://ev-database.org/img/auto/BYD_SEAL_U/BYD_SEAL_U-01-thumb.jpg,BYDSEAL,360 km,199 Wh/km,71.8 kWh,"€41,990"
https://ev-database.org/img/auto/Hyundai_Inster_2025/Hyundai_Inster_2025-01-thumb.jpg,HyundaiINSTER,255 km,153 Wh/km,39.0 kWh,"€23,900"
https://ev-database.org/img/auto/Ford_Explorer_2024/Ford_Explorer_2024-01-thumb.jpg,FordExplorer,440 km,180 Wh/km,79.0 kWh,"€52,430"
https://ev-database.org/img/auto/Opel_Frontera_2024/Opel_Frontera_2024-01-thumb.jpg,OpelFrontera,240 km,183 Wh/km,43.8 kWh,"€28,990"
https://ev-database.org/img/auto/Citroen_e-C4_2024/Citroen_e-C4_2024-01-thumb.jpg,Citroënë-C4,325 km,156 Wh/km,50.8 kWh,"€34,100"
https://ev-database.org/img/auto/Mazda_6e/Mazda_6e-01-thumb.jpg,Mazda6e,440 km,170 Wh/km,75.0 kWh,"€46,500"
https://ev-database.org/img/auto/Lucid_Gravity/Lucid_Gravity-01-thumb.jpg,LucidGravity,625 km,197 Wh/km,123.0 kWh,"€116,900"
https://ev-database.org/img/auto/XPENG_P7/XPENG_P7-01-thumb.jpg,XPENGP7,495 km,167 Wh/km,82.7 kWh,"€49,600"
https://ev-database.org/img/auto/Hongqi_E-HS9/Hongqi_E-HS9-01-thumb.jpg,HongqiE-HS9,370 km,243 Wh/km,90.0 kWh,"€79,995"
https://ev-database.org/img/auto/Leapmotor_C10/Leapmotor_C10-01-thumb.jpg,LeapmotorC10,410 km,200 Wh/km,81.9 kWh,"€41,900"
https://ev-database.org/img/auto/Mini_Cooper_Electric_2024/Mini_Cooper_Electric_2024-01-thumb.jpg,MiniCooper,330 km,149 Wh/km,49.2 kWh,"€36,900"
https://ev-database.org/img/auto/MG_IM6_2025/MG_IM6_2025-01-thumb.jpg,MGIM6,500 km,193 Wh/km,96.5 kWh,"£47,995"
https://ev-database.org/img/auto/XPENG_G6_2025/XPENG_G6_2025-01-thumb.jpg,XPENGG6,425 km,188 Wh/km,80.0 kWh,"€51,600"
https://ev-database.org/img/auto/Cupra_el-Born/Cupra_el-Born-01-thumb.jpg,CUPRABorn,470 km,168 Wh/km,79.0 kWh,"€47,350"
https://ev-database.org/img/auto/Renault_5_ETech/Renault_5_ETech-01-thumb.jpg,Renault5,260 km,154 Wh/km,40.0 kWh,"€24,990"
https://ev-database.org/img/auto/Polestar_5/Polestar_5-01-thumb.jpg,Polestar5,580 km,183 Wh/km,106.0 kWh,"€118,600"
https://ev-database.org/img/auto/CUPRA_Tavascan_2024/CUPRA_Tavascan_2024-01-thumb.jpg,CUPRATavascan,425 km,181 Wh/km,77.0 kWh,"€60,780"
https://ev-database.org/img/auto/Ford_Mustang_Mach-E/Ford_Mustang_Mach-E-01-thumb.jpg,FordMustang,480 km,190 Wh/km,91.0 kWh,"£52,390"
https://ev-database.org/img/auto/MG_MG4_Electric_2022/MG_MG4_Electric_2022-01-thumb.jpg,MGMG4,425 km,175 Wh/km,74.4 kWh,"€45,990"
https://ev-database.org/img/auto/Kia_EV6_2024/Kia_EV6_2024-01-thumb.jpg,KiaEV6,455 km,176 Wh/km,80.0 kWh,"€49,990"
https://ev-database.org/img/auto/Toyota_bZ4X_2025/Toyota_bZ4X_2025-01-thumb.jpg,ToyotabZ4X,375 km,184 Wh/km,69.0 kWh,"€50,990"
https://ev-database.org/img/auto/Volkswagen_ID_Buzz_LWB/Volkswagen_ID_Buzz_LWB-01-thumb.jpg,VolkswagenID.,390 km,221 Wh/km,86.0 kWh,"€62,719"
https://ev-database.org/img/auto/Volvo_EX30_2024/Volvo_EX30_2024-01-thumb.jpg,VolvoEX30,340 km,191 Wh/km,65.0 kWh,"€51,690"
https://ev-database.org/img/auto/BMW_iX_2025/BMW_iX_2025-01-thumb.jpg,BMWiX,470 km,202 Wh/km,94.8 kWh,"€83,500"
https://ev-database.org/img/auto/Volkswagen_ID7_Tourer/Volkswagen_ID7_Tourer-01-thumb.jpg,VolkswagenID.7,520 km,165 Wh/km,86.0 kWh,"€59,895"
https://ev-database.org/img/auto/Tesla_Model_S_2026/Tesla_Model_S_2026-01-thumb.jpg,TeslaModel,590 km,161 Wh/km,95.0 kWh,"€110,970"
https://ev-database.org/img/auto/Honda_e:Ny1/Honda_e:Ny1-01-thumb.jpg,Hondae:Ny1Honda,335 km,185 Wh/km,61.9 kWh,"€38,990"
https://ev-database.org/img/auto/Citroen_e-Berlingo-2024/Citroen_e-Berlingo-2024-01-thumb.jpg,Citroënë-Berlingo,235 km,213 Wh/km,50.0 kWh,"€36,940"
https://ev-database.org/img/auto/Kia_EV4_sedan_2025/Kia_EV4_sedan_2025-01-thumb.jpg,KiaEV4,495 km,158 Wh/km,78.0 kWh,"€47,140"
https://ev-database.org/img/auto/Smart_1_2023/Smart_1_2023-01-thumb.jpg,Smart#1,335 km,185 Wh/km,62.0 kWh,"€42,490"
https://ev-database.org/img/auto/XPENG_G6_2025/XPENG_G6_2025-01-thumb.jpg,XPENGG6,380 km,178 Wh/km,67.8 kWh,"€43,600"
https://ev-database.org/img/auto/BYD_DOLPHIN_SURF/BYD_DOLPHIN_SURF-01-thumb.jpg,BYDDOLPHIN,270 km,160 Wh/km,43.2 kWh,"€26,990"
https://ev-database.org/img/auto/KGM_Musso_EV/KGM_Musso_EV-01-thumb.jpg,KGMMusso,360 km,225 Wh/km,81.0 kWh,"€45,990"
https://ev-database.org/img/auto/Voyah_Free/Voyah_Free-01-thumb.jpg,VoyahFree,480 km,208 Wh/km,100.0 kWh,"€53,990"
https://ev-database.org/img/auto/Ford_Capri_2024/Ford_Capri_2024-01-thumb.jpg,FordCapri,455 km,169 Wh/km,77.0 kWh,"€50,911"
https://ev-database.org/img/auto/Smart_1_2023/Smart_1_2023-01-thumb.jpg,Smart#1,250 km,188 Wh/km,47.0 kWh,"€34,990"
https://ev-database.org/img/auto/XPENG_G9_2025/XPENG_G9_2025-01-thumb.jpg,XPENGG9,465 km,198 Wh/km,92.2 kWh,"€72,600"
https://ev-database.org/img/auto/Suzuki_e_VITARA/Suzuki_e_VITARA-01-thumb.jpg,Suzukie,330 km,181 Wh/km,59.8 kWh,"€35,295"
https://ev-database.org/img/auto/Audi_Q4_e-tron_2021/Audi_Q4_e-tron_2021-01-thumb.jpg,AudiQ4,325 km,182 Wh/km,59.0 kWh,"€46,150"
https://ev-database.org/img/auto/Ford_Capri_2024/Ford_Capri_2024-01-thumb.jpg,FordCapri,455 km,174 Wh/km,79.0 kWh,"€54,831"
https://ev-database.org/img/auto/Peugeot_e-5008_2024/Peugeot_e-5008_2024-01-thumb.jpg,Peugeote-5008,485 km,200 Wh/km,96.9 kWh,"€55,350"
https://ev-database.org/img/auto/Volkswagen_ID7/Volkswagen_ID7-01-thumb.jpg,VolkswagenID.7,525 km,164 Wh/km,86.0 kWh,"€59,095"
https://ev-database.org/img/auto/Toyota_Urban_Cruiser/Toyota_Urban_Cruiser-01-thumb.jpg,ToyotaUrban,310 km,193 Wh/km,59.8 kWh,"€40,990"
https://ev-database.org/img/auto/Citroen_e-C3/Citroen_e-C3-01-thumb.jpg,Citroënë-C3,175 km,170 Wh/km,29.8 kWh,"€19,990"
https://ev-database.org/img/auto/Smart_1_2023/Smart_1_2023-01-thumb.jpg,Smart#1,250 km,188 Wh/km,47.0 kWh,"€37,490"
https://ev-database.org/img/auto/XPENG_G6/XPENG_G6-01-thumb.jpg,XPENGG6,365 km,179 Wh/km,65.3 kWh,"£39,990"
https://ev-database.org/img/auto/Audi_A6_Avant_etron_2024/Audi_A6_Avant_etron_2024-01-thumb.jpg,AudiA6,465 km,163 Wh/km,75.8 kWh,"€64,450"
https://ev-database.org/img/auto/BMW_i5_eDrive40_Sedan/BMW_i5_eDrive40_Sedan-01-thumb.jpg,BMWi5,480 km,169 Wh/km,81.2 kWh,"€70,200"
https://ev-database.org/img/auto/Zeekr_001_2023/Zeekr_001_2023-01-thumb.jpg,Zeekr001,505 km,186 Wh/km,94.0 kWh,"€59,490"
https://ev-database.org/img/auto/ORA_Funky_Cat_2022/ORA_Funky_Cat_2022-01-thumb.jpg,GWMORA,260 km,175 Wh/km,45.4 kWh,"€26,990"
https://ev-database.org/img/auto/Mercedes_EQB_2024/Mercedes_EQB_2024-01-thumb.jpg,Mercedes-BenzEQB,345 km,193 Wh/km,66.5 kWh,"£55,310"
https://ev-database.org/img/auto/Polestar_2_2024/Polestar_2_2024-01-thumb.jpg,Polestar2,475 km,166 Wh/km,79.0 kWh,"€52,690"
https://ev-database.org/img/auto/Smart_3_2024/Smart_3_2024-01-thumb.jpg,Smart#3,265 km,177 Wh/km,47.0 kWh,"€38,490"
https://ev-database.org/img/auto/Lucid_Air_Sapphire_2025/Lucid_Air_Sapphire_2025-01-thumb.jpg,LucidAir,610 km,193 Wh/km,118.0 kWh,"€250,000"
https://ev-database.org/img/auto/MG_Cyberster/MG_Cyberster-01-thumb.jpg,MGCyberster,395 km,188 Wh/km,74.4 kWh,"€69,990"
https://ev-database.org/img/auto/BMW_iX2_2024/BMW_iX2_2024-01-thumb.jpg,BMWiX2,395 km,164 Wh/km,64.7 kWh,"€49,400"
https://ev-database.org/img/auto/Alpine_A290_2024/Alpine_A290_2024-01-thumb.jpg,AlpineA290,305 km,170 Wh/km,52.0 kWh,"€41,900"
https://ev-database.org/img/auto/Subaru_Solterra/Subaru_Solterra-01-thumb.jpg,SubaruSolterra,320 km,200 Wh/km,64.0 kWh,"€57,490"
https://ev-database.org/img/auto/BMW_iX2_2024/BMW_iX2_2024-01-thumb.jpg,BMWiX2,385 km,168 Wh/km,64.7 kWh,"€56,500"
https://ev-database.org/img/auto/Mercedes_EQV_2024/Mercedes_EQV_2024-01-thumb.jpg,Mercedes-BenzEQV,320 km,281 Wh/km,90.0 kWh,"€62,010"
https://ev-database.org/img/auto/Maxus_MIFA_9/Maxus_MIFA_9-01-thumb.jpg,MaxusMIFA,360 km,233 Wh/km,84.0 kWh,"€68,990"
https://ev-database.org/img/auto/BYD_DOLPHIN_SURF/BYD_DOLPHIN_SURF-01-thumb.jpg,BYDDOLPHIN,190 km,158 Wh/km,30.0 kWh,"€22,990"
https://ev-database.org/img/auto/MG_MGS5_EV_Electric_2025/MG_MGS5_EV_Electric_2025-01-thumb.jpg,MGMGS5,275 km,171 Wh/km,47.1 kWh,"€37,990"
https://ev-database.org/img/auto/Volvo_EX40_2025/Volvo_EX40_2025-01-thumb.jpg,VolvoEX40,400 km,198 Wh/km,79.0 kWh,"€55,490"
https://ev-database.org/img/auto/MG_MG4_Electric_XPOWER_2023/MG_MG4_Electric_XPOWER_2023-01-thumb.jpg,MGMG4,320 km,193 Wh/km,61.7 kWh,"€46,990"
https://ev-database.org/img/auto/Leapmotor_C10/Leapmotor_C10-01-thumb.jpg,LeapmotorC10,355 km,197 Wh/km,69.9 kWh,"€37,600"
https://ev-database.org/img/auto/Opel_Mokka_Electric_2024/Opel_Mokka_Electric_2024-01-thumb.jpg,OpelMokka,285 km,178 Wh/km,50.8 kWh,"€36,740"
https://ev-database.org/img/auto/Opel_Grandland_2024/Opel_Grandland_2024-01-thumb.jpg,OpelGrandland,370 km,197 Wh/km,73.0 kWh,"€46,950"
https://ev-database.org/img/auto/BMW_i4_M50_2024/BMW_i4_M50_2024-01-thumb.jpg,BMWi4,465 km,174 Wh/km,81.1 kWh,"€72,900"
https://ev-database.org/img/auto/Citroen_e-C4_X_2024/Citroen_e-C4_X_2024-01-thumb.jpg,Citroënë-C4,335 km,152 Wh/km,50.8 kWh,"€34,800"
https://ev-database.org/img/auto/Kia_EV6_GT_2025/Kia_EV6_GT_2025-01-thumb.jpg,KiaEV6,395 km,203 Wh/km,80.0 kWh,"€69,990"
https://ev-database.org/img/auto/Ford_eTourneo_Courier_2024/Ford_eTourneo_Courier_2024-01-thumb.jpg,Forde-Tourneo,200 km,218 Wh/km,43.6 kWh,"€35,999"
https://ev-database.org/img/auto/Mercedes_EQS_SUV_2022/Mercedes_EQS_SUV_2022-01-thumb.jpg,Mercedes-BenzEQS,530 km,223 Wh/km,118.0 kWh,"€114,609"
https://ev-database.org/img/auto/Volvo_ES90/Volvo_ES90-01-thumb.jpg,VolvoES90,535 km,191 Wh/km,102.0 kWh,"€88,990"
https://ev-database.org/img/auto/Smart_3_Brabus_2024/Smart_3_Brabus_2024-01-thumb.jpg,Smart#3,350 km,177 Wh/km,62.0 kWh,"€50,990"
https://ev-database.org/img/auto/NIO_EL6/NIO_EL6-01-thumb.jpg,NIOEL6,435 km,207 Wh/km,90.0 kWh,"€74,500"
https://ev-database.org/img/auto/Porsche_Taycan_2024/Porsche_Taycan_2024-01-thumb.jpg,PorscheTaycanPorsche,495 km,166 Wh/km,82.3 kWh,"€101,500"
https://ev-database.org/img/auto/Zeekr_7X_2024/Zeekr_7X_2024-01-thumb.jpg,Zeekr7X,375 km,189 Wh/km,71.0 kWh,"€53,990"
https://ev-database.org/img/auto/Leapmotor_B10/Leapmotor_B10-01-thumb.jpg,LeapmotorB10,305 km,180 Wh/km,55.0 kWh,"€29,900"
https://ev-database.org/img/auto/Volkswagen_ID_Buzz/Volkswagen_ID_Buzz-01-thumb.jpg,VolkswagenID.,370 km,214 Wh/km,79.0 kWh,"€60,892"
https://ev-database.org/img/auto/Renault_5_ETech/Renault_5_ETech-01-thumb.jpg,Renault5,260 km,154 Wh/km,40.0 kWh,"€27,900"
https://ev-database.org/img/auto/Mercedes_CLA_Shooting_Brake/Mercedes_CLA_Shooting_Brake-01-thumb.jpg,Mercedes-BenzCLA,555 km,153 Wh/km,85.0 kWh,"€61,653"
https://ev-database.org/img/auto/Cadillac_Lyriq/Cadillac_Lyriq-01-thumb.jpg,CadillacLYRIQ,460 km,222 Wh/km,102.0 kWh,"€83,000"
https://ev-database.org/img/auto/Skoda_Enyaq_2025/Skoda_Enyaq_2025-01-thumb.jpg,ŠkodaEnyaq,360 km,164 Wh/km,59.0 kWh,"€44,400"
https://ev-database.org/img/auto/Ford_Explorer_2024/Ford_Explorer_2024-01-thumb.jpg,FordExplorer,305 km,170 Wh/km,52.0 kWh,"€42,500"
https://ev-database.org/img/auto/Hyundai_Kona_Electric_2024/Hyundai_Kona_Electric_2024-01-thumb.jpg,HyundaiKona,295 km,164 Wh/km,48.4 kWh,"€41,990"
https://ev-database.org/img/auto/Nissan_Ariya/Nissan_Ariya-01-thumb.jpg,NissanAriya,335 km,188 Wh/km,63.0 kWh,"€47,490"
https://ev-database.org/img/auto/Tesla_Model_S_2026/Tesla_Model_S_2026-01-thumb.jpg,TeslaModel,565 km,168 Wh/km,95.0 kWh,"€120,970"
https://ev-database.org/img/auto/Hyundai_IONIQ9_2024/Hyundai_IONIQ9_2024-01-thumb.jpg,HyundaiIONIQ,505 km,210 Wh/km,106.0 kWh,"€68,500"
https://ev-database.org/img/auto/Polestar_3/Polestar_3-01-thumb.jpg,Polestar3,515 km,208 Wh/km,107.0 kWh,"€85,590"
https://ev-database.org/img/auto/Maserati_Grecale_Folgore/Maserati_Grecale_Folgore-01-thumb.jpg,MaseratiGrecale,400 km,238 Wh/km,95.0 kWh,"€124,301"
https://ev-database.org/img/auto/Mercedes_EQS_2024/Mercedes_EQS_2024-01-thumb.jpg,Mercedes-BenzEQS,655 km,180 Wh/km,118.0 kWh,"€113,359"
https://ev-database.org/img/auto/Polestar_2_2024/Polestar_2_2024-01-thumb.jpg,Polestar2,455 km,174 Wh/km,79.0 kWh,"€56,990"
https://ev-database.org/img/auto/MG_IM5_2025/MG_IM5_2025-01-thumb.jpg,MGIM5,490 km,197 Wh/km,96.5 kWh,"£48,495"
https://ev-database.org/img/auto/Volkswagen_ID3_GTX_2024/Volkswagen_ID3_GTX_2024-01-thumb.jpg,VolkswagenID.3,470 km,168 Wh/km,79.0 kWh,"€47,225"
https://ev-database.org/img/auto/Mercedes_Maybach_EQS_SUV_2024/Mercedes_Maybach_EQS_SUV_2024-01-thumb.jpg,Mercedes-BenzEQS,490 km,241 Wh/km,118.0 kWh,"€200,634"
https://ev-database.org/img/auto/Changan_Deepal_S05/Changan_Deepal_S05-01-thumb.jpg,ChanganDeepal,365 km,186 Wh/km,68.0 kWh,"€44,990"
https://ev-database.org/img/auto/Citroen_C5_Aircross/Citroen_C5_Aircross-01-thumb.jpg,CitroënC5,375 km,197 Wh/km,73.7 kWh,"€42,590"
https://ev-database.org/img/auto/Alfa_Romeo_Junior/Alfa_Romeo_Junior-01-thumb.jpg,Alfa,320 km,159 Wh/km,50.8 kWh,"€39,500"
https://ev-database.org/img/auto/Suzuki_e_VITARA/Suzuki_e_VITARA-01-thumb.jpg,Suzukie,310 km,193 Wh/km,59.8 kWh,"€36,995"
https://ev-database.org/img/auto/Toyota_C-HR-Plus_2026/Toyota_C-HR-Plus_2026-01-thumb.jpg,ToyotaC-HR+,330 km,164 Wh/km,54.0 kWh,"€37,995"
https://ev-database.org/img/auto/Mini_Countryman_2024/Mini_Countryman_2024-01-thumb.jpg,MiniCountryman,365 km,177 Wh/km,64.6 kWh,"€49,500"
https://ev-database.org/img/auto/Toyota_PROACE_Verso_2024/Toyota_PROACE_Verso_2024-01-thumb.jpg,ToyotaProace,265 km,260 Wh/km,69.0 kWh,"€65,840"
https://ev-database.org/img/auto/Smart_1_Brabus_2023/Smart_1_Brabus_2023-01-thumb.jpg,Smart#1,325 km,191 Wh/km,62.0 kWh,"€48,990"
https://ev-database.org/img/auto/Audi_A6_Avant_etron_2024/Audi_A6_Avant_etron_2024-01-thumb.jpg,AudiA6,560 km,169 Wh/km,94.9 kWh,"€81,450"
https://ev-database.org/img/auto/Skoda_Enyaq_Coupe_2025/Skoda_Enyaq_Coupe_2025-01-thumb.jpg,ŠkodaEnyaq,470 km,164 Wh/km,77.0 kWh,"€51,150"
https://ev-database.org/img/auto/Toyota_C-HR-Plus_2026/Toyota_C-HR-Plus_2026-01-thumb.jpg,ToyotaC-HR+,385 km,187 Wh/km,72.0 kWh,"€50,995"
https://ev-database.org/img/auto/Porsche_Taycan_Turbo_GT_2024/Porsche_Taycan_Turbo_GT_2024-01-thumb.jpg,PorscheTaycan,475 km,204 Wh/km,97.0 kWh,"€240,000"
https://ev-database.org/img/auto/Audi_Q4_e-tron_2021/Audi_Q4_e-tron_2021-01-thumb.jpg,AudiQ4,395 km,195 Wh/km,77.0 kWh,"€59,000"
https://ev-database.org/img/auto/Mitsubishi_Eclipse_Cross_2026/Mitsubishi_Eclipse_Cross_2026-01-thumb.jpg,MitsubishiEclipse,480 km,181 Wh/km,87.0 kWh,"€47,990"
https://ev-database.org/img/auto/Kia_EV9_2023/Kia_EV9_2023-01-thumb.jpg,KiaEV9,450 km,213 Wh/km,96.0 kWh,"€64,990"
https://ev-database.org/img/auto/Audi_A6_Sportback_etron_2024/Audi_A6_Sportback_etron_2024-01-thumb.jpg,AudiA6,485 km,156 Wh/km,75.8 kWh,"€62,800"
https://ev-database.org/img/auto/Opel_Grandland_2024/Opel_Grandland_2024-01-thumb.jpg,OpelGrandland,490 km,198 Wh/km,96.9 kWh,"€51,750"
https://ev-database.org/img/auto/Dongfeng_Box/Dongfeng_Box-01-thumb.jpg,DongfengBox,190 km,153 Wh/km,29.0 kWh,"€23,499"
https://ev-database.org/img/auto/Citroen_e-C4_2024/Citroen_e-C4_2024-01-thumb.jpg,Citroënë-C4Citroen,285 km,162 Wh/km,46.3 kWh,"€31,900"
https://ev-database.org/img/auto/Volkswagen_ID7_Tourer_GTX/Volkswagen_ID7_Tourer_GTX-01-thumb.jpg,VolkswagenID.7,500 km,172 Wh/km,86.0 kWh,"€64,065"
https://ev-database.org/img/auto/Smart_3_2024/Smart_3_2024-01-thumb.jpg,Smart#3,355 km,175 Wh/km,62.0 kWh,"€46,490"
https://ev-database.org/img/auto/Kia_EV9_GTLine_2023/Kia_EV9_GTLine_2023-01-thumb.jpg,KiaEV9,425 km,226 Wh/km,96.0 kWh,"€82,380"
https://ev-database.org/img/auto/Hyundai_IONIQ9_2024/Hyundai_IONIQ9_2024-01-thumb.jpg,HyundaiIONIQ,485 km,219 Wh/km,106.0 kWh,"€86,750"
https://ev-database.org/img/auto/Ford_Mustang_Mach-E/Ford_Mustang_Mach-E-01-thumb.jpg,FordMustang,435 km,209 Wh/km,91.0 kWh,"€78,000"
https://ev-database.org/img/auto/Opel_Corsa_Electric_2023/Opel_Corsa_Electric_2023-01-thumb.jpg,OpelCorsa,290 km,160 Wh/km,46.3 kWh,"€29,990"
https://ev-database.org/img/auto/Toyota_bZ4X_2025/Toyota_bZ4X_2025-01-thumb.jpg,ToyotabZ4X,385 km,179 Wh/km,69.0 kWh,"€47,990"
https://ev-database.org/img/auto/BMW_i4_2024/BMW_i4_2024-01-thumb.jpg,BMWi4,435 km,154 Wh/km,67.1 kWh,"€57,600"
https://ev-database.org/img/auto/Lexus_RZ_2026/Lexus_RZ_2026-01-thumb.jpg,LexusRZ,395 km,182 Wh/km,72.0 kWh,"€63,000"
https://ev-database.org/img/auto/Porsche_Taycan_2024/Porsche_Taycan_2024-01-thumb.jpg,PorscheTaycan,575 km,169 Wh/km,97.0 kWh,"€107,224"
https://ev-database.org/img/auto/NIO_EL8/NIO_EL8-01-thumb.jpg,NIOEL8,440 km,205 Wh/km,90.0 kWh,"€103,900"
https://ev-database.org/img/auto/Mercedes_EQS_2024/Mercedes_EQS_2024-01-thumb.jpg,Mercedes-BenzEQS,640 km,184 Wh/km,118.0 kWh,"€141,705"
https://ev-database.org/img/auto/Audi_e-tron_GT_S_2025/Audi_e-tron_GT_S_2025-01-thumb.jpg,Audie-tron,540 km,180 Wh/km,97.0 kWh,"€126,000"
https://ev-database.org/img/auto/Nissan_Micra_2025/Nissan_Micra_2025-01-thumb.jpg,NissanMicra,330 km,158 Wh/km,52.0 kWh,"€32,990"
https://ev-database.org/img/auto/Porsche_Taycan_2024/Porsche_Taycan_2024-01-thumb.jpg,PorscheTaycan,525 km,185 Wh/km,97.0 kWh,"€209,900"
https://ev-database.org/img/auto/Cupra_el-Born_Veloz/Cupra_el-Born_Veloz-01-thumb.jpg,CUPRABorn,465 km,170 Wh/km,79.0 kWh,"€52,870"
https://ev-database.org/img/auto/Renault_Scenic_ETech/Renault_Scenic_ETech-01-thumb.jpg,RenaultScenic,340 km,176 Wh/km,60.0 kWh,"€40,400"
https://ev-database.org/img/auto/MG_IM6_2025/MG_IM6_2025-01-thumb.jpg,MGIM6,440 km,219 Wh/km,96.5 kWh,"£50,995"
https://ev-database.org/img/auto/Hongqi_E-H7/Hongqi_E-H7-01-thumb.jpg,HongqiEH7,550 km,173 Wh/km,95.3 kWh,"€58,995"
https://ev-database.org/img/auto/Opel_Astra_Sports_Tourer_Electric/Opel_Astra_Sports_Tourer_Electric-01-thumb.jpg,OpelAstra,310 km,164 Wh/km,50.8 kWh,"€43,490"
https://ev-database.org/img/auto/Maserati_GranTurismo_Folgore/Maserati_GranTurismo_Folgore-01-thumb.jpg,MaseratiGranTurismo,420 km,198 Wh/km,83.0 kWh,"€198,212"
https://ev-database.org/img/auto/Polestar_3/Polestar_3-01-thumb.jpg,Polestar3,480 km,223 Wh/km,107.0 kWh,"€92,190"
https://ev-database.org/img/auto/Volkswagen_ID4_2024/Volkswagen_ID4_2024-01-thumb.jpg,VolkswagenID.4,285 km,182 Wh/km,52.0 kWh,"€40,335"
https://ev-database.org/img/auto/Mercedes_EQB_2024/Mercedes_EQB_2024-01-thumb.jpg,Mercedes-BenzEQB,345 km,193 Wh/km,66.5 kWh,"£56,810"
https://ev-database.org/img/auto/Kia_EV6_2024/Kia_EV6_2024-01-thumb.jpg,KiaEV6,345 km,174 Wh/km,60.0 kWh,"€44,990"
https://ev-database.org/img/auto/Volkswagen_ID7_Tourer/Volkswagen_ID7_Tourer-01-thumb.jpg,VolkswagenID.7,470 km,164 Wh/km,77.0 kWh,"€54,905"
https://ev-database.org/img/auto/Polestar_5/Polestar_5-01-thumb.jpg,Polestar5,530 km,200 Wh/km,106.0 kWh,"€141,600"
https://ev-database.org/img/auto/Alpine_A390_2026/Alpine_A390_2026-01-thumb.jpg,AlpineA390,470 km,189 Wh/km,89.0 kWh,"€67,500"
https://ev-database.org/img/auto/Porsche_Cayenne_Turbo_2026/Porsche_Cayenne_Turbo_2026-01-thumb.jpg,PorscheCayenne,495 km,218 Wh/km,108.0 kWh,"€165,500"
https://ev-database.org/img/auto/Audi_e-tron_GT_RS_2025/Audi_e-tron_GT_RS_2025-01-thumb.jpg,Audie-tron,525 km,185 Wh/km,97.0 kWh,"€147,500"
https://ev-database.org/img/auto/Renault_Megane_ETech/Renault_Megane_ETech-01-thumb.jpg,RenaultMegane,380 km,158 Wh/km,60.0 kWh,"€36,490"
https://ev-database.org/img/auto/Skoda_Elroq_RS_2025/Skoda_Elroq_RS_2025-01-thumb.jpg,ŠkodaElroq,455 km,174 Wh/km,79.0 kWh,"€53,050"
https://ev-database.org/img/auto/Audi_e-tron_GT_RS_Performance_2025/Audi_e-tron_GT_RS_Performance_2025-01-thumb.jpg,Audie-tron,525 km,185 Wh/km,97.0 kWh,"€160,500"
https://ev-database.org/img/auto/TOGG_T10X/TOGG_T10X-01-thumb.jpg,TOGGT10X,265 km,189 Wh/km,50.0 kWh,"€34,295"
https://ev-database.org/img/auto/Skywell_BE11_2024/Skywell_BE11_2024-01-thumb.jpg,SkywellBE11,385 km,210 Wh/km,81.0 kWh,"£39,995"
https://ev-database.org/img/auto/DS_No8_2024/DS_No8_2024-01-thumb.jpg,DS,545 km,178 Wh/km,97.2 kWh,"€63,200"
https://ev-database.org/img/auto/BMW_i7_M70_2023/BMW_i7_M70_2023-01-thumb.jpg,BMWi7,490 km,208 Wh/km,101.7 kWh,"€181,800"
https://ev-database.org/img/auto/Nissan_Ariya_Nismo/Nissan_Ariya_Nismo-01-thumb.jpg,NissanAriya,385 km,226 Wh/km,87.0 kWh,"€63,990"
https://ev-database.org/img/auto/Audi_e-tron_GT_S_2025/Audi_e-tron_GT_S_2025-01-thumb.jpg,Audie-tron,540 km,180 Wh/km,97.0 kWh,"€108,900"
https://ev-database.org/img/auto/Skoda_Enyaq_RS_2025/Skoda_Enyaq_RS_2025-01-thumb.jpg,ŠkodaEnyaq,460 km,172 Wh/km,79.0 kWh,"€56,490"
https://ev-database.org/img/auto/TOGG_T10F/TOGG_T10F-01-thumb.jpg,TOGGT10F,295 km,169 Wh/km,50.0 kWh,"€34,295"
https://ev-database.org/img/auto/Volkswagen_ID5_2024/Volkswagen_ID5_2024-01-thumb.jpg,VolkswagenID.5,455 km,169 Wh/km,77.0 kWh,"€51,270"
https://ev-database.org/img/auto/Volvo_EX90/Volvo_EX90-01-thumb.jpg,VolvoEX90,480 km,213 Wh/km,102.0 kWh,"€96,190"
https://ev-database.org/img/auto/Volkswagen_ID_Buzz_GTX/Volkswagen_ID_Buzz_GTX-01-thumb.jpg,VolkswagenID.,380 km,226 Wh/km,86.0 kWh,"€74,928"
https://ev-database.org/img/auto/Mercedes_EQS_SUV_2022/Mercedes_EQS_SUV_2022-01-thumb.jpg,Mercedes-BenzEQS,530 km,223 Wh/km,118.0 kWh,"€147,923"
https://ev-database.org/img/auto/Citroen_e-C3_Aircross/Citroen_e-C3_Aircross-01-thumb.jpg,Citroënë-C3,240 km,183 Wh/km,43.8 kWh,"€26,490"
https://ev-database.org/img/auto/Polestar_3/Polestar_3-01-thumb.jpg,Polestar3,530 km,202 Wh/km,107.0 kWh,"€78,590"
https://ev-database.org/img/auto/Hongqi_E-HS9/Hongqi_E-HS9-01-thumb.jpg,HongqiE-HS9,320 km,239 Wh/km,76.5 kWh,"€69,995"
https://ev-database.org/img/auto/Porsche_Taycan_2024/Porsche_Taycan_2024-01-thumb.jpg,PorscheTaycan,490 km,168 Wh/km,82.3 kWh,"€120,900"
https://ev-database.org/img/auto/Mini_Cooper_Electric_JCW_2024/Mini_Cooper_Electric_JCW_2024-01-thumb.jpg,MiniCooper,290 km,170 Wh/km,49.2 kWh,"€40,650"
https://ev-database.org/img/auto/Smart_1_2023/Smart_1_2023-01-thumb.jpg,Smart#1,335 km,185 Wh/km,62.0 kWh,"€44,990"
https://ev-database.org/img/auto/Cupra_el-Born/Cupra_el-Born-01-thumb.jpg,CUPRABorn,360 km,164 Wh/km,59.0 kWh,"€41,450"
https://ev-database.org/img/auto/Polestar_2_2024/Polestar_2_2024-01-thumb.jpg,Polestar2,450 km,176 Wh/km,79.0 kWh,"€63,490"
https://ev-database.org/img/auto/Lexus_UX_300e_Electric_2023/Lexus_UX_300e_Electric_2023-01-thumb.jpg,LexusUX,340 km,188 Wh/km,64.0 kWh,"£39,995"
https://ev-database.org/img/auto/NIO_ET5_Touring/NIO_ET5_Touring-01-thumb.jpg,NIOET5,485 km,186 Wh/km,90.0 kWh,"€68,500"
https://ev-database.org/img/auto/Mercedes_EQE/Mercedes_EQE-01-thumb.jpg,Mercedes-BenzEQE,555 km,173 Wh/km,96.0 kWh,"€71,412"
https://ev-database.org/img/auto/XPENG_P7/XPENG_P7-01-thumb.jpg,XPENGP7,460 km,180 Wh/km,82.7 kWh,"€58,600"
https://ev-database.org/img/auto/Skoda_Enyaq_2025/Skoda_Enyaq_2025-01-thumb.jpg,ŠkodaEnyaq,455 km,169 Wh/km,77.0 kWh,"€51,500"
https://ev-database.org/img/auto/Audi_Q6_etron_2024/Audi_Q6_etron_2024-01-thumb.jpg,AudiQ6,490 km,194 Wh/km,94.9 kWh,"€68,800"
https://ev-database.org/img/auto/Skoda_Elroq_2024/Skoda_Elroq_2024-01-thumb.jpg,ŠkodaElroq,445 km,173 Wh/km,77.0 kWh,"€46,450"
https://ev-database.org/img/auto/Volkswagen_ID7/Volkswagen_ID7-01-thumb.jpg,VolkswagenID.7,475 km,162 Wh/km,77.0 kWh,"€54,105"
https://ev-database.org/img/auto/DS_No8_2024/DS_No8_2024-01-thumb.jpg,DS,530 km,183 Wh/km,97.2 kWh,"€75,000"
https://ev-database.org/img/auto/BMW_i7_2022/BMW_i7_2022-01-thumb.jpg,BMWi7,520 km,196 Wh/km,101.7 kWh,"€115,700"
https://ev-database.org/img/auto/Fiat_500e_Hatchback_2020/Fiat_500e_Hatchback_2020-01-thumb.jpg,Fiat500e,135 km,158 Wh/km,21.3 kWh,"€30,990"
https://ev-database.org/img/auto/Dacia_Spring_Electric_2026/Dacia_Spring_Electric_2026-01-thumb.jpg,DaciaSpring,165 km,145 Wh/km,24.0 kWh,"€16,900"
https://ev-database.org/img/auto/Mercedes_EQA_2024/Mercedes_EQA_2024-01-thumb.jpg,Mercedes-BenzEQA,350 km,190 Wh/km,66.5 kWh,"€53,520"
https://ev-database.org/img/auto/Polestar_2_2024/Polestar_2_2024-01-thumb.jpg,Polestar2,405 km,165 Wh/km,67.0 kWh,"€48,990"
https://ev-database.org/img/auto/BMW_i5_eDrive40_Touring/BMW_i5_eDrive40_Touring-01-thumb.jpg,BMWi5,465 km,175 Wh/km,81.2 kWh,"€72,200"
https://ev-database.org/img/auto/Lexus_RZ_2026/Lexus_RZ_2026-01-thumb.jpg,LexusRZ,400 km,180 Wh/km,72.0 kWh,"€57,100"
https://ev-database.org/img/auto/Volvo_EX30_CrossCountry/Volvo_EX30_CrossCountry-01-thumb.jpg,VolvoEX30,330 km,197 Wh/km,65.0 kWh,"€57,290"
https://ev-database.org/img/auto/Audi_Q4_e-tron_Sportback_2021/Audi_Q4_e-tron_Sportback_2021-01-thumb.jpg,AudiQ4,435 km,177 Wh/km,77.0 kWh,"€54,950"
https://ev-database.org/img/auto/Ford_Mustang_Mach-E/Ford_Mustang_Mach-E-01-thumb.jpg,FordMustang,425 km,214 Wh/km,91.0 kWh,"£67,550"
https://ev-database.org/img/auto/Smart_5_2025/Smart_5_2025-01-thumb.jpg,Smart#5,465 km,202 Wh/km,94.0 kWh,"€50,900"
https://ev-database.org/img/auto/Kia_PV5_Passenger/Kia_PV5_Passenger-01-thumb.jpg,KiaPV5,230 km,209 Wh/km,48.0 kWh,"€38,290"
https://ev-database.org/img/auto/Audi_Q6_etron_2024/Audi_Q6_etron_2024-01-thumb.jpg,AudiQ6,395 km,192 Wh/km,75.8 kWh,"€63,500"
https://ev-database.org/img/auto/Zeekr_X_2023/Zeekr_X_2023-01-thumb.jpg,ZeekrX,360 km,181 Wh/km,65.0 kWh,"€43,490"
https://ev-database.org/img/auto/Abarth_500e_Hatchback/Abarth_500e_Hatchback-01-thumb.jpg,Abarth500e,225 km,168 Wh/km,37.8 kWh,"€37,990"
https://ev-database.org/img/auto/Skoda_Enyaq_Coupe_2025/Skoda_Enyaq_Coupe_2025-01-thumb.jpg,ŠkodaEnyaq,370 km,159 Wh/km,59.0 kWh,"€46,850"
https://ev-database.org/img/auto/Peugeot_e-408_2024/Peugeot_e-408_2024-01-thumb.jpg,Peugeote-408,350 km,167 Wh/km,58.3 kWh,"€44,600"
https://ev-database.org/img/auto/Mini_Aceman_Electric_2024/Mini_Aceman_Electric_2024-01-thumb.jpg,MiniAceman,290 km,170 Wh/km,49.2 kWh,"€39,550"
https://ev-database.org/img/auto/Toyota_Urban_Cruiser/Toyota_Urban_Cruiser-01-thumb.jpg,ToyotaUrban,330 km,181 Wh/km,59.8 kWh,"€36,990"
https://ev-database.org/img/auto/VinFast_VF_8/VinFast_VF_8-01-thumb.jpg,VinFastVF,405 km,217 Wh/km,87.7 kWh,"€52,990"
https://ev-database.org/img/auto/Skoda_Enyaq_2025/Skoda_Enyaq_2025-01-thumb.jpg,ŠkodaEnyaq,450 km,171 Wh/km,77.0 kWh,"£48,760"
https://ev-database.org/img/auto/Renault_4_ETech/Renault_4_ETech-01-thumb.jpg,Renault4,245 km,163 Wh/km,40.0 kWh,"€29,400"
https://ev-database.org/img/auto/Smart_5_2025/Smart_5_2025-01-thumb.jpg,Smart#5,370 km,201 Wh/km,74.4 kWh,"€45,900"
https://ev-database.org/img/auto/Volkswagen_ID3_GTX_Performance_2024/Volkswagen_ID3_GTX_Performance_2024-01-thumb.jpg,VolkswagenID.3,465 km,170 Wh/km,79.0 kWh,"€48,725"
https://ev-database.org/img/auto/Skoda_Elroq_RS_2025/Skoda_Elroq_RS_2025-01-thumb.jpg,ŠkodaElroq,450 km,176 Wh/km,79.0 kWh,"€52,990"
https://ev-database.org/img/auto/Volkswagen_ID4_GTX_2024/Volkswagen_ID4_GTX_2024-01-thumb.jpg,VolkswagenID.4,435 km,182 Wh/km,79.0 kWh,"€53,255"
https://ev-database.org/img/auto/Polestar_3_MY26/Polestar_3_MY26-01-thumb.jpg,Polestar3,500 km,204 Wh/km,102.0 kWh,"£77,990"
https://ev-database.org/img/auto/Mercedes_EQT_2023/Mercedes_EQT_2023-01-thumb.jpg,Mercedes-BenzEQT,225 km,200 Wh/km,45.0 kWh,"€39,623"
https://ev-database.org/img/auto/Nissan_Townstar_2023/Nissan_Townstar_2023-01-thumb.jpg,NissanTownstar,225 km,200 Wh/km,45.0 kWh,"€39,990"
https://ev-database.org/img/auto/VinFast_VF_6/VinFast_VF_6-01-thumb.jpg,VinFastVF,315 km,189 Wh/km,59.6 kWh,"€34,990"
https://ev-database.org/img/auto/TOGG_T10F/TOGG_T10F-01-thumb.jpg,TOGGT10F,465 km,183 Wh/km,85.0 kWh,"€48,600"
https://ev-database.org/img/auto/BMW_iX_M70_2025/BMW_iX_M70_2025-01-thumb.jpg,BMWiX,500 km,218 Wh/km,108.9 kWh,"€124,900"
https://ev-database.org/img/auto/Kia_EV4_hatchback_2025/Kia_EV4_hatchback_2025-01-thumb.jpg,KiaEV4,340 km,162 Wh/km,55.0 kWh,"€37,590"
https://ev-database.org/img/auto/Nissan_Ariya/Nissan_Ariya-01-thumb.jpg,NissanAriya,405 km,215 Wh/km,87.0 kWh,"€57,490"
https://ev-database.org/img/auto/Volvo_ES90/Volvo_ES90-01-thumb.jpg,VolvoES90,485 km,181 Wh/km,88.0 kWh,"€71,990"
https://ev-database.org/img/auto/Kia_EV9_GT_2025/Kia_EV9_GT_2025-01-thumb.jpg,KiaEV9,420 km,229 Wh/km,96.0 kWh,"€89,990"
https://ev-database.org/img/auto/KGM_Musso_EV/KGM_Musso_EV-01-thumb.jpg,KGMMusso,365 km,222 Wh/km,81.0 kWh,"€41,990"
https://ev-database.org/img/auto/XPENG_G9_2025/XPENG_G9_2025-01-thumb.jpg,XPENGG9,410 km,191 Wh/km,78.2 kWh,"€59,600"
https://ev-database.org/img/auto/Smart_5_2025/Smart_5_2025-01-thumb.jpg,Smart#5,450 km,209 Wh/km,94.0 kWh,"€56,900"
https://ev-database.org/img/auto/Citroen_e-C4_X_2024/Citroen_e-C4_X_2024-01-thumb.jpg,Citroënë-C4,290 km,160 Wh/km,46.3 kWh,"€32,600"
https://ev-database.org/img/auto/Tesla_Model_X_2026/Tesla_Model_X_2026-01-thumb.jpg,TeslaModel,490 km,194 Wh/km,95.0 kWh,"€115,970"
https://ev-database.org/img/auto/Ford_Capri_2024/Ford_Capri_2024-01-thumb.jpg,FordCapri,320 km,163 Wh/km,52.0 kWh,"€44,950"
https://ev-database.org/img/auto/TOGG_T10X/TOGG_T10X-01-thumb.jpg,TOGGT10X,425 km,200 Wh/km,85.0 kWh,"€49,200"
https://ev-database.org/img/auto/DS_3_2023/DS_3_2023-01-thumb.jpg,DS,300 km,169 Wh/km,50.8 kWh,"€40,540"
https://ev-database.org/img/auto/Audi_A6_Sportback_etron_2024/Audi_A6_Sportback_etron_2024-01-thumb.jpg,AudiA6,570 km,166 Wh/km,94.9 kWh,"€79,800"
https://ev-database.org/img/auto/Volkswagen_ID7_GTX/Volkswagen_ID7_GTX-01-thumb.jpg,VolkswagenID.7,500 km,172 Wh/km,86.0 kWh,"€63,265"
https://ev-database.org/img/auto/Alfa_Romeo_Junior/Alfa_Romeo_Junior-01-thumb.jpg,Alfa,310 km,164 Wh/km,50.8 kWh,"€48,500"
https://ev-database.org/img/auto/Porsche_Taycan_Turbo_GT_Weissach_2024/Porsche_Taycan_Turbo_GT_Weissach_2024-01-thumb.jpg,PorscheTaycan,475 km,204 Wh/km,97.0 kWh,"€240,000"
https://ev-database.org/img/auto/Volvo_ES90/Volvo_ES90-01-thumb.jpg,VolvoES90,535 km,191 Wh/km,102.0 kWh,"€94,490"
https://ev-database.org/img/auto/Mercedes_EQE/Mercedes_EQE-01-thumb.jpg,Mercedes-BenzEQE,525 km,170 Wh/km,89.0 kWh,"€67,187"
https://ev-database.org/img/auto/Smart_5_2025/Smart_5_2025-01-thumb.jpg,Smart#5,455 km,207 Wh/km,94.0 kWh,"€55,400"
https://ev-database.org/img/auto/Porsche_Macan_4_2024/Porsche_Macan_4_2024-01-thumb.jpg,PorscheMacan,470 km,202 Wh/km,95.0 kWh,"€84,600"
https://ev-database.org/img/auto/Audi_Q4_e-tron_Sportback_2021/Audi_Q4_e-tron_Sportback_2021-01-thumb.jpg,AudiQ4,410 km,188 Wh/km,77.0 kWh,"€56,950"
https://ev-database.org/img/auto/Suzuki_e_VITARA/Suzuki_e_VITARA-01-thumb.jpg,Suzukie,270 km,177 Wh/km,47.8 kWh,"€31,995"
https://ev-database.org/img/auto/Mercedes_EQS_SUV_2022/Mercedes_EQS_SUV_2022-01-thumb.jpg,Mercedes-BenzEQS,540 km,219 Wh/km,118.0 kWh,"€110,801"
https://ev-database.org/img/auto/Jeep_Compass_2025/Jeep_Compass_2025-01-thumb.jpg,JeepCompass,370 km,200 Wh/km,74.0 kWh,"€50,400"
https://ev-database.org/img/auto/Mercedes_EQA_2024/Mercedes_EQA_2024-01-thumb.jpg,Mercedes-BenzEQA,350 km,190 Wh/km,66.5 kWh,"€56,424"
https://ev-database.org/img/auto/Peugeot_e-308_SW_2026/Peugeot_e-308_SW_2026-01-thumb.jpg,Peugeote-308,340 km,163 Wh/km,55.4 kWh,"€43,435"
https://ev-database.org/img/auto/MG_IM5_2025/MG_IM5_2025-01-thumb.jpg,MGIM5,405 km,181 Wh/km,73.5 kWh,"£39,450"
https://ev-database.org/img/auto/Porsche_Macan_Electric_2024/Porsche_Macan_Electric_2024-01-thumb.jpg,PorscheMacan,495 km,192 Wh/km,95.0 kWh,"€81,200"
https://ev-database.org/img/auto/Mercedes_EQS_2024/Mercedes_EQS_2024-01-thumb.jpg,Mercedes-BenzEQS,570 km,168 Wh/km,96.0 kWh,"€98,867"
https://ev-database.org/img/auto/Toyota_Urban_Cruiser/Toyota_Urban_Cruiser-01-thumb.jpg,ToyotaUrban,270 km,177 Wh/km,47.8 kWh,"€29,990"
https://ev-database.org/img/auto/Audi_Q6_etron_Sportback_2024/Audi_Q6_etron_Sportback_2024-01-thumb.jpg,AudiQ6,510 km,186 Wh/km,94.9 kWh,"€71,200"
https://ev-database.org/img/auto/BMW_i5_M60_xDrive_Sedan/BMW_i5_M60_xDrive_Sedan-01-thumb.jpg,BMWi5,430 km,189 Wh/km,81.2 kWh,"€99,500"
https://ev-database.org/img/auto/Porsche_Taycan_Cross_Turismo_2024/Porsche_Taycan_Cross_Turismo_2024-01-thumb.jpg,PorscheTaycan,510 km,190 Wh/km,97.0 kWh,"€126,400"
https://ev-database.org/img/auto/Mercedes_EQS_2024/Mercedes_EQS_2024-01-thumb.jpg,Mercedes-BenzEQS,640 km,184 Wh/km,118.0 kWh,"€125,378"
https://ev-database.org/img/auto/Abarth_600e_Scorpionissima/Abarth_600e_Scorpionissima-01-thumb.jpg,Abarth600e,280 km,181 Wh/km,50.8 kWh,"€48,990"
https://ev-database.org/img/auto/DS_No4_2024/DS_No4_2024-01-thumb.jpg,DS,370 km,158 Wh/km,58.3 kWh,"€45,900"
https://ev-database.org/img/auto/Volvo_EC40_2025/Volvo_EC40_2025-01-thumb.jpg,VolvoEC40,420 km,188 Wh/km,79.0 kWh,"€57,190"
https://ev-database.org/img/auto/BMW_i4_2024/BMW_i4_2024-01-thumb.jpg,BMWi4,490 km,166 Wh/km,81.1 kWh,"€64,100"
https://ev-database.org/img/auto/Porsche_Taycan_2024/Porsche_Taycan_2024-01-thumb.jpg,PorscheTaycan,565 km,172 Wh/km,97.0 kWh,"€126,422"
https://ev-database.org/img/auto/Toyota_PROACE_Verso_2024/Toyota_PROACE_Verso_2024-01-thumb.jpg,ToyotaProace,180 km,257 Wh/km,46.3 kWh,"€58,040"
https://ev-database.org/img/auto/Smart_1_2023/Smart_1_2023-01-thumb.jpg,Smart#1,325 km,191 Wh/km,62.0 kWh,"€46,490"
https://ev-database.org/img/auto/Skoda_Enyaq_Coupe_RS_2025/Skoda_Enyaq_Coupe_RS_2025-01-thumb.jpg,ŠkodaEnyaq,470 km,168 Wh/km,79.0 kWh,"€58,990"
https://ev-database.org/img/auto/Mercedes_eVito_2024/Mercedes_eVito_2024-01-thumb.jpg,Mercedes-BenzeVito,325 km,277 Wh/km,90.0 kWh,"€72,043"
https://ev-database.org/img/auto/Ford_eTourneo_Custom_2024/Ford_eTourneo_Custom_2024-01-thumb.jpg,Forde-Tourneo,235 km,272 Wh/km,64.0 kWh,"€76,517"
https://ev-database.org/img/auto/Skoda_Enyaq_Coupe_RS_2025/Skoda_Enyaq_Coupe_RS_2025-01-thumb.jpg,ŠkodaEnyaq,470 km,168 Wh/km,79.0 kWh,"€60,850"
https://ev-database.org/img/auto/Audi_Q4_e-tron_2021/Audi_Q4_e-tron_2021-01-thumb.jpg,AudiQ4,395 km,195 Wh/km,77.0 kWh,"€54,950"
https://ev-database.org/img/auto/Toyota_Proace_City_Verso_Electric_2024/Toyota_Proace_City_Verso_Electric_2024-01-thumb.jpg,ToyotaProace,230 km,217 Wh/km,50.0 kWh,"€42,380"
https://ev-database.org/img/auto/Volvo_EX90/Volvo_EX90-01-thumb.jpg,VolvoEX90,465 km,219 Wh/km,102.0 kWh,"€101,290"
https://ev-database.org/img/auto/Zeekr_001_2023/Zeekr_001_2023-01-thumb.jpg,Zeekr001,480 km,196 Wh/km,94.0 kWh,"€69,490"
https://ev-database.org/img/auto/Audi_S6_Avant_etron_2024/Audi_S6_Avant_etron_2024-01-thumb.jpg,AudiS6,530 km,179 Wh/km,94.9 kWh,"€101,150"
https://ev-database.org/img/auto/Ford_Mustang_Mach-E/Ford_Mustang_Mach-E-01-thumb.jpg,FordMustang,475 km,185 Wh/km,88.0 kWh,"€59,200"
https://ev-database.org/img/auto/Audi_SQ6_etron_2024/Audi_SQ6_etron_2024-01-thumb.jpg,AudiSQ6,470 km,202 Wh/km,94.9 kWh,"€93,800"
https://ev-database.org/img/auto/Ford_Mustang_Mach-E/Ford_Mustang_Mach-E-01-thumb.jpg,FordMustang,445 km,204 Wh/km,91.0 kWh,"£58,415"
https://ev-database.org/img/auto/ORA_Funky_Cat_2022/ORA_Funky_Cat_2022-01-thumb.jpg,GWMORA,325 km,182 Wh/km,59.3 kWh,"€37,490"
https://ev-database.org/img/auto/Lotus_Eletre/Lotus_Eletre-01-thumb.jpg,LotusEletre,495 km,220 Wh/km,109.0 kWh,"€99,990"
https://ev-database.org/img/auto/Tesla_Model_X_2026/Tesla_Model_X_2026-01-thumb.jpg,TeslaModel,475 km,200 Wh/km,95.0 kWh,"€125,970"
https://ev-database.org/img/auto/Porsche_Taycan_Cross_Turismo_2024/Porsche_Taycan_Cross_Turismo_2024-01-thumb.jpg,PorscheTaycan,510 km,190 Wh/km,97.0 kWh,"€113,100"
https://ev-database.org/img/auto/Volvo_EX40_2025/Volvo_EX40_2025-01-thumb.jpg,VolvoEX40,385 km,205 Wh/km,79.0 kWh,"€59,590"
https://ev-database.org/img/auto/Zeekr_X_2023/Zeekr_X_2023-01-thumb.jpg,ZeekrX,350 km,186 Wh/km,65.0 kWh,"€48,490"
https://ev-database.org/img/auto/Fiat_500e_Convertible_2020/Fiat_500e_Convertible_2020-01-thumb.jpg,Fiat500e,230 km,162 Wh/km,37.3 kWh,"€37,990"
https://ev-database.org/img/auto/Fiat_500e_3plus1_2020/Fiat_500e_3plus1_2020-01-thumb.jpg,Fiat500e,135 km,158 Wh/km,21.3 kWh,"€29,990"
https://ev-database.org/img/auto/Nissan_Micra_2025/Nissan_Micra_2025-01-thumb.jpg,NissanMicra,260 km,154 Wh/km,40.0 kWh,"€27,990"
https://ev-database.org/img/auto/Mercedes_EQE/Mercedes_EQE-01-thumb.jpg,Mercedes-BenzEQE,515 km,176 Wh/km,90.6 kWh,"€74,149"
https://ev-database.org/img/auto/Fiat_500e_3plus1_2020/Fiat_500e_3plus1_2020-01-thumb.jpg,Fiat500e,235 km,159 Wh/km,37.3 kWh,"€36,990"
https://ev-database.org/img/auto/Peugeot_e-208_2024/Peugeot_e-208_2024-01-thumb.jpg,Peugeote-208,295 km,157 Wh/km,46.3 kWh,"€36,525"
https://ev-database.org/img/auto/Lexus_RZ_FSPORT_2026/Lexus_RZ_FSPORT_2026-01-thumb.jpg,LexusRZ,390 km,185 Wh/km,72.0 kWh,"€78,700"
https://ev-database.org/img/auto/Smart_3_2024/Smart_3_2024-01-thumb.jpg,Smart#3,355 km,175 Wh/km,62.0 kWh,"€43,490"
https://ev-database.org/img/auto/Audi_Q6_etron_Sportback_2024/Audi_Q6_etron_Sportback_2024-01-thumb.jpg,AudiQ6,500 km,190 Wh/km,94.9 kWh,"€77,100"
https://ev-database.org/img/auto/Kia_EV9_2023/Kia_EV9_2023-01-thumb.jpg,KiaEV9,350 km,209 Wh/km,73.0 kWh,"€61,990"
https://ev-database.org/img/auto/Hongqi_E-HS9/Hongqi_E-HS9-01-thumb.jpg,HongqiE-HS9,455 km,246 Wh/km,112.0 kWh,"€84,995"
https://ev-database.org/img/auto/Opel_Mokka_Electric_GSE/Opel_Mokka_Electric_GSE-01-thumb.jpg,OpelMokka,280 km,181 Wh/km,50.8 kWh,"€47,300"
https://ev-database.org/img/auto/Volvo_EX90/Volvo_EX90-01-thumb.jpg,VolvoEX90,425 km,207 Wh/km,88.0 kWh,"€85,990"
https://ev-database.org/img/auto/Voyah_Courage/Voyah_Courage-01-thumb.jpg,VoyahCourage,390 km,198 Wh/km,77.3 kWh,"€49,990"
https://ev-database.org/img/auto/Ford_eTourneo_Custom_2024/Ford_eTourneo_Custom_2024-01-thumb.jpg,Forde-Tourneo,235 km,272 Wh/km,64.0 kWh,"€66,819"
https://ev-database.org/img/auto/Opel_Grandland_2024/Opel_Grandland_2024-01-thumb.jpg,OpelGrandland,355 km,206 Wh/km,73.0 kWh,"€51,750"
https://ev-database.org/img/auto/Volkswagen_ID4_2024/Volkswagen_ID4_2024-01-thumb.jpg,VolkswagenID.4,435 km,177 Wh/km,77.0 kWh,"€49,020"
https://ev-database.org/img/auto/Audi_Q4_e-tron_Sportback_2021/Audi_Q4_e-tron_Sportback_2021-01-thumb.jpg,AudiQ4,415 km,186 Wh/km,77.0 kWh,"€61,000"
https://ev-database.org/img/auto/BMW_i5_eDrive40_Touring/BMW_i5_eDrive40_Touring-01-thumb.jpg,BMWi5,450 km,180 Wh/km,81.2 kWh,"€77,600"
https://ev-database.org/img/auto/Volvo_EX40_2025/Volvo_EX40_2025-01-thumb.jpg,VolvoEX40,345 km,194 Wh/km,67.0 kWh,"€49,990"
https://ev-database.org/img/auto/Abarth_500e_Convertible/Abarth_500e_Convertible-01-thumb.jpg,Abarth500e,225 km,168 Wh/km,37.8 kWh,"€40,990"
https://ev-database.org/img/auto/Audi_S6_Sportback_etron_2024/Audi_S6_Sportback_etron_2024-01-thumb.jpg,AudiS6,555 km,171 Wh/km,94.9 kWh,"€99,500"
https://ev-database.org/img/auto/Volkswagen_ID_Buzz/Volkswagen_ID_Buzz-01-thumb.jpg,VolkswagenID.,265 km,223 Wh/km,59.0 kWh,"€49,998"
https://ev-database.org/img/auto/Lucid_Air/Lucid_Air-01-thumb.jpg,LucidAir,600 km,160 Wh/km,96.0 kWh,"€99,900"
https://ev-database.org/img/auto/Lotus_Emeya/Lotus_Emeya-01-thumb.jpg,LotusEmeya,465 km,213 Wh/km,98.9 kWh,"€145,990"
https://ev-database.org/img/auto/Cadillac_Optiq/Cadillac_Optiq-01-thumb.jpg,CadillacOPTIQ,365 km,205 Wh/km,75.0 kWh,"€65,000"
https://ev-database.org/img/auto/Opel_Combo-e_Life_2024/Opel_Combo-e_Life_2024-01-thumb.jpg,OpelCombo,235 km,213 Wh/km,50.0 kWh,"€38,600"
https://ev-database.org/img/auto/Citroen_e-SpaceTourer_2024/Citroen_e-SpaceTourer_2024-01-thumb.jpg,Citroënë-SpaceTourer,265 km,260 Wh/km,69.0 kWh,"€52,230"
https://ev-database.org/img/auto/Toyota_PROACE_Verso_2024/Toyota_PROACE_Verso_2024-01-thumb.jpg,ToyotaProace,265 km,260 Wh/km,69.0 kWh,"€60,590"
https://ev-database.org/img/auto/MG_Cyberster/MG_Cyberster-01-thumb.jpg,MGCyberster,425 km,175 Wh/km,74.4 kWh,"€64,990"
https://ev-database.org/img/auto/Hongqi_E-HS7/Hongqi_E-HS7-01-thumb.jpg,HongqiE-HS7,455 km,209 Wh/km,95.3 kWh,"€54,995"
https://ev-database.org/img/auto/Toyota_bZ4X_2025/Toyota_bZ4X_2025-01-thumb.jpg,ToyotabZ4X,305 km,177 Wh/km,54.0 kWh,"€42,990"
https://ev-database.org/img/auto/GWM_ORA_07/GWM_ORA_07-01-thumb.jpg,GWMORA,430 km,194 Wh/km,83.5 kWh,"€53,490"
https://ev-database.org/img/auto/Genesis_GV60_2025/Genesis_GV60_2025-01-thumb.jpg,GenesisGV60,395 km,203 Wh/km,80.0 kWh,"£67,715"
https://ev-database.org/img/auto/Volkswagen_ID_Buzz_GTX/Volkswagen_ID_Buzz_GTX-01-thumb.jpg,VolkswagenID.,360 km,219 Wh/km,79.0 kWh,"€73,102"
https://ev-database.org/img/auto/Toyota_Proace_City_Verso_Electric_2024/Toyota_Proace_City_Verso_Electric_2024-01-thumb.jpg,ToyotaProace,235 km,213 Wh/km,50.0 kWh,"€40,960"
https://ev-database.org/img/auto/Mini_Aceman_Electric_JCW_2024/Mini_Aceman_Electric_JCW_2024-01-thumb.jpg,MiniAceman,280 km,176 Wh/km,49.2 kWh,"€43,150"
https://ev-database.org/img/auto/Cadillac_Vistiq/Cadillac_Vistiq-01-thumb.jpg,CadillacVISTIQ,375 km,243 Wh/km,91.0 kWh,"€108,809"
https://ev-database.org/img/auto/Ford_Mustang_Mach-E/Ford_Mustang_Mach-E-01-thumb.jpg,FordMustang,385 km,189 Wh/km,72.6 kWh,"£43,840"
https://ev-database.org/img/auto/Porsche_Taycan_GTS_2024/Porsche_Taycan_GTS_2024-01-thumb.jpg,PorscheTaycan,535 km,181 Wh/km,97.0 kWh,"€147,700"
https://ev-database.org/img/auto/Volkswagen_ID5_GTX_2024/Volkswagen_ID5_GTX_2024-01-thumb.jpg,VolkswagenID.5,445 km,178 Wh/km,79.0 kWh,"€58,755"
https://ev-database.org/img/auto/Lucid_Air/Lucid_Air-01-thumb.jpg,LucidAir,580 km,152 Wh/km,88.0 kWh,"€85,900"
https://ev-database.org/img/auto/ORA_Funky_Cat_2022/ORA_Funky_Cat_2022-01-thumb.jpg,GWMORA,340 km,174 Wh/km,59.3 kWh,"€32,490"
https://ev-database.org/img/auto/Genesis_G80_2025/Genesis_G80_2025-01-thumb.jpg,GenesisG80,450 km,200 Wh/km,90.0 kWh,"€76,180"
https://ev-database.org/img/auto/Audi_Q6_etron_Sportback_2024/Audi_Q6_etron_Sportback_2024-01-thumb.jpg,AudiQ6,410 km,185 Wh/km,75.8 kWh,"€65,900"
https://ev-database.org/img/auto/Skoda_Enyaq_RS_2025/Skoda_Enyaq_RS_2025-01-thumb.jpg,ŠkodaEnyaq,460 km,172 Wh/km,79.0 kWh,"€58,600"
https://ev-database.org/img/auto/Porsche_Taycan_2024/Porsche_Taycan_2024-01-thumb.jpg,PorscheTaycan,535 km,181 Wh/km,97.0 kWh,"€175,600"
https://ev-database.org/img/auto/Lotus_Emeya/Lotus_Emeya-01-thumb.jpg,LotusEmeya,520 km,190 Wh/km,98.9 kWh,"€107,990"
https://ev-database.org/img/auto/Porsche_Macan_Turbo_2024/Porsche_Macan_Turbo_2024-01-thumb.jpg,PorscheMacan,465 km,204 Wh/km,95.0 kWh,"€115,500"
https://ev-database.org/img/auto/Peugeot_e-5008_2024/Peugeot_e-5008_2024-01-thumb.jpg,Peugeote-5008,355 km,206 Wh/km,73.0 kWh,"€62,500"
https://ev-database.org/img/auto/Peugeot_e-Rifter_2024/Peugeot_e-Rifter_2024-01-thumb.jpg,Peugeote-Rifter,235 km,213 Wh/km,50.0 kWh,"€38,440"
https://ev-database.org/img/auto/Ford_eTourneo_Custom_2024/Ford_eTourneo_Custom_2024-01-thumb.jpg,Forde-Tourneo,235 km,272 Wh/km,64.0 kWh,"€75,565"
https://ev-database.org/img/auto/Mercedes_EQT_2023/Mercedes_EQT_2023-01-thumb.jpg,Mercedes-BenzEQT,220 km,205 Wh/km,45.0 kWh,"€41,613"
https://ev-database.org/img/auto/BMW_i5_M60_xDrive_Touring/BMW_i5_M60_xDrive_Touring-01-thumb.jpg,BMWi5,425 km,191 Wh/km,81.2 kWh,"€101,500"
https://ev-database.org/img/auto/Peugeot_e-3008_2024/Peugeot_e-3008_2024-01-thumb.jpg,Peugeote-3008,365 km,200 Wh/km,73.0 kWh,"€60,000"
https://ev-database.org/img/auto/DS_No8_2024/DS_No8_2024-01-thumb.jpg,DS,415 km,178 Wh/km,73.7 kWh,"€57,700"
https://ev-database.org/img/auto/Ford_Mustang_Mach-E/Ford_Mustang_Mach-E-01-thumb.jpg,FordMustang,380 km,191 Wh/km,72.6 kWh,"€56,500"
https://ev-database.org/img/auto/Audi_Q4_e-tron_Sportback_2021/Audi_Q4_e-tron_Sportback_2021-01-thumb.jpg,AudiQ4,340 km,174 Wh/km,59.0 kWh,"€48,150"
https://ev-database.org/img/auto/VinFast_VF_8/VinFast_VF_8-01-thumb.jpg,VinFastVF,400 km,219 Wh/km,87.7 kWh,"€58,890"
https://ev-database.org/img/auto/Volvo_EC40_2025/Volvo_EC40_2025-01-thumb.jpg,VolvoEC40,400 km,198 Wh/km,79.0 kWh,"€61,290"
https://ev-database.org/img/auto/Mercedes_EQE_SUV/Mercedes_EQE_SUV-01-thumb.jpg,Mercedes-BenzEQE,475 km,202 Wh/km,96.0 kWh,"€86,811"
https://ev-database.org/img/auto/Porsche_Taycan_Cross_Turismo_2024/Porsche_Taycan_Cross_Turismo_2024-01-thumb.jpg,PorscheTaycan,495 km,196 Wh/km,97.0 kWh,"€177,000"
https://ev-database.org/img/auto/Maserati_GranCabrio_Folgore/Maserati_GranCabrio_Folgore-01-thumb.jpg,MaseratiGranCabrio,395 km,210 Wh/km,83.0 kWh,"€206,713"
https://ev-database.org/img/auto/Zeekr_X_2023/Zeekr_X_2023-01-thumb.jpg,ZeekrX,270 km,181 Wh/km,49.0 kWh,"€38,990"
https://ev-database.org/img/auto/NIO_ET5_Touring/NIO_ET5_Touring-01-thumb.jpg,NIOET5,400 km,184 Wh/km,73.5 kWh,"€59,500"
https://ev-database.org/img/auto/Skoda_Enyaq_Coupe_2025/Skoda_Enyaq_Coupe_2025-01-thumb.jpg,ŠkodaEnyaq,460 km,167 Wh/km,77.0 kWh,"€53,750"
https://ev-database.org/img/auto/Fiat_500e_Convertible_2020/Fiat_500e_Convertible_2020-01-thumb.jpg,Fiat500e,135 km,158 Wh/km,21.3 kWh,"€35,490"
https://ev-database.org/img/auto/Smart_1_2023/Smart_1_2023-01-thumb.jpg,Smart#1,335 km,185 Wh/km,62.0 kWh,"€39,990"
https://ev-database.org/img/auto/Voyah_Courage/Voyah_Courage-01-thumb.jpg,VoyahCourage,395 km,196 Wh/km,77.3 kWh,"€44,990"
https://ev-database.org/img/auto/VinFast_VF_6/VinFast_VF_6-01-thumb.jpg,VinFastVF,310 km,192 Wh/km,59.6 kWh,"€38,990"
https://ev-database.org/img/auto/NIO_EL6/NIO_EL6-01-thumb.jpg,NIOEL6,365 km,201 Wh/km,73.5 kWh,"€65,500"
https://ev-database.org/img/auto/Porsche_Taycan_Sport_Turismo_2024/Porsche_Taycan_Sport_Turismo_2024-01-thumb.jpg,PorscheTaycan,510 km,190 Wh/km,97.0 kWh,"€127,322"
https://ev-database.org/img/auto/Lancia_Ypsilon_HF/Lancia_Ypsilon_HF-01-thumb.jpg,LanciaYpsilon,305 km,167 Wh/km,50.8 kWh,"€40,950"
https://ev-database.org/img/auto/Porsche_Macan_GTS_2026/Porsche_Macan_GTS_2026-01-thumb.jpg,PorscheMacan,465 km,204 Wh/km,95.0 kWh,"€104,200"
https://ev-database.org/img/auto/Peugeot_e-Rifter_2024/Peugeot_e-Rifter_2024-01-thumb.jpg,Peugeote-Rifter,230 km,217 Wh/km,50.0 kWh,"€39,440"
https://ev-database.org/img/auto/Porsche_Taycan_GTS_Sport_Turismo_2024/Porsche_Taycan_GTS_Sport_Turismo_2024-01-thumb.jpg,PorscheTaycan,505 km,192 Wh/km,97.0 kWh,"€148,600"
https://ev-database.org/img/auto/Lotus_Eletre/Lotus_Eletre-01-thumb.jpg,LotusEletre,455 km,240 Wh/km,109.0 kWh,"€145,990"
https://ev-database.org/img/auto/Porsche_Taycan_Cross_Turismo_2024/Porsche_Taycan_Cross_Turismo_2024-01-thumb.jpg,PorscheTaycan,485 km,200 Wh/km,97.0 kWh,"€211,300"
https://ev-database.org/img/auto/Elaris_BEO_2023/Elaris_BEO_2023-01-thumb.jpg,ElarisBEO,390 km,208 Wh/km,81.0 kWh,"€53,090"
https://ev-database.org/img/auto/GWM_ORA_07/GWM_ORA_07-01-thumb.jpg,GWMORA,350 km,184 Wh/km,64.3 kWh,"€41,990"
https://ev-database.org/img/auto/Citroen_e-Berlingo-2024/Citroen_e-Berlingo-2024-01-thumb.jpg,Citroënë-Berlingo,230 km,217 Wh/km,50.0 kWh,"€37,940"
https://ev-database.org/img/auto/Skoda_Enyaq_Coupe_2025/Skoda_Enyaq_Coupe_2025-01-thumb.jpg,ŠkodaEnyaq,460 km,167 Wh/km,77.0 kWh,"£49,160"
https://ev-database.org/img/auto/Genesis_GV70_2025/Genesis_GV70_2025-01-thumb.jpg,GenesisGV70,385 km,208 Wh/km,80.0 kWh,"€70,230"
https://ev-database.org/img/auto/Porsche_Taycan_2024/Porsche_Taycan_2024-01-thumb.jpg,PorscheTaycan,565 km,172 Wh/km,97.0 kWh,"€111,924"
https://ev-database.org/img/auto/Volvo_EX40_2025/Volvo_EX40_2025-01-thumb.jpg,VolvoEX40,385 km,205 Wh/km,79.0 kWh,"€62,890"
https://ev-database.org/img/auto/Ford_Mustang_Mach-E/Ford_Mustang_Mach-E-01-thumb.jpg,FordMustang,435 km,202 Wh/km,88.0 kWh,"€66,600"
https://ev-database.org/img/auto/Mercedes_EQS_SUV_2022/Mercedes_EQS_SUV_2022-01-thumb.jpg,Mercedes-BenzEQS,530 km,223 Wh/km,118.0 kWh,"€124,545"
https://ev-database.org/img/auto/Porsche_Taycan_Sport_Turismo_2024/Porsche_Taycan_Sport_Turismo_2024-01-thumb.jpg,PorscheTaycan,460 km,179 Wh/km,82.3 kWh,"€102,400"
https://ev-database.org/img/auto/BMW_i5_eDrive40_Sedan/BMW_i5_eDrive40_Sedan-01-thumb.jpg,BMWi5,465 km,175 Wh/km,81.2 kWh,"€75,600"
https://ev-database.org/img/auto/GWM_ORA_07/GWM_ORA_07-01-thumb.jpg,GWMORA,350 km,184 Wh/km,64.3 kWh,"€44,490"
https://ev-database.org/img/auto/Peugeot_e-Traveller_2024/Peugeot_e-Traveller_2024-01-thumb.jpg,Peugeote-Traveller,265 km,260 Wh/km,69.0 kWh,"€53,230"
https://ev-database.org/img/auto/Ford_Mustang_Mach-E_Rally/Ford_Mustang_Mach-E_Rally-01-thumb.jpg,FordMustang,410 km,222 Wh/km,91.0 kWh,"£69,800"
https://ev-database.org/img/auto/Audi_SQ6_etron_Sportback_2024/Audi_SQ6_etron_Sportback_2024-01-thumb.jpg,AudiSQ6,495 km,192 Wh/km,94.9 kWh,"€96,200"
https://ev-database.org/img/auto/Ford_Mustang_Mach-E_Rally/Ford_Mustang_Mach-E_Rally-01-thumb.jpg,FordMustang,415 km,219 Wh/km,91.0 kWh,"€81,000"
https://ev-database.org/img/auto/Cadillac_Lyriq-V/Cadillac_Lyriq-V-01-thumb.jpg,CadillacLYRIQ-V(MY26)Cadillac,400 km,228 Wh/km,91.0 kWh,"€99,640"
https://ev-database.org/img/auto/Skywell_BE11_2024/Skywell_BE11_2024-01-thumb.jpg,SkywellBE11,325 km,209 Wh/km,68.0 kWh,"£36,995"
https://ev-database.org/img/auto/Genesis_GV60_2025/Genesis_GV60_2025-01-thumb.jpg,GenesisGV60,425 km,188 Wh/km,80.0 kWh,"£54,115"
https://ev-database.org/img/auto/Volkswagen_e-Caravelle/Volkswagen_e-Caravelle-01-thumb.jpg,Volkswagene-Transporter,255 km,250 Wh/km,63.8 kWh,"€64,867"
https://ev-database.org/img/auto/Nissan_Townstar_2023/Nissan_Townstar_2023-01-thumb.jpg,NissanTownstar,220 km,205 Wh/km,45.0 kWh,"€42,790"
https://ev-database.org/img/auto/Mercedes_EQE_SUV/Mercedes_EQE_SUV-01-thumb.jpg,Mercedes-BenzEQE,455 km,211 Wh/km,96.0 kWh,"€99,841"
https://ev-database.org/img/auto/Lucid_Gravity/Lucid_Gravity-01-thumb.jpg,LucidGravity,465 km,191 Wh/km,89.0 kWh,"€99,900"
https://ev-database.org/img/auto/Polestar_3_MY26/Polestar_3_MY26-01-thumb.jpg,Polestar3,460 km,222 Wh/km,102.0 kWh,"£91,990"
https://ev-database.org/img/auto/Mercedes_EQV_2024/Mercedes_EQV_2024-01-thumb.jpg,Mercedes-BenzEQV,315 km,286 Wh/km,90.0 kWh,"€62,897"
https://ev-database.org/img/auto/Porsche_Taycan_Sport_Turismo_2024/Porsche_Taycan_Sport_Turismo_2024-01-thumb.jpg,PorscheTaycan,505 km,192 Wh/km,97.0 kWh,"€210,800"
https://ev-database.org/img/auto/Volvo_EC40_2025/Volvo_EC40_2025-01-thumb.jpg,VolvoEC40,360 km,186 Wh/km,67.0 kWh,"€54,390"
https://ev-database.org/img/auto/Volkswagen_e-Caravelle/Volkswagen_e-Caravelle-01-thumb.jpg,Volkswagene-Caravelle,245 km,260 Wh/km,63.8 kWh,"€71,216"
https://ev-database.org/img/auto/Porsche_Taycan_Sport_Turismo_2024/Porsche_Taycan_Sport_Turismo_2024-01-thumb.jpg,PorscheTaycan,530 km,183 Wh/km,97.0 kWh,"€108,124"
https://ev-database.org/img/auto/Opel_Combo-e_Life_2024/Opel_Combo-e_Life_2024-01-thumb.jpg,OpelCombo,230 km,217 Wh/km,50.0 kWh,"€39,600"
https://ev-database.org/img/auto/Volkswagen_ID5_2024/Volkswagen_ID5_2024-01-thumb.jpg,VolkswagenID.5,320 km,163 Wh/km,52.0 kWh,"€45,270"
https://ev-database.org/img/auto/NIO_EL8/NIO_EL8-01-thumb.jpg,NIOEL8,360 km,204 Wh/km,73.5 kWh,"€94,900"
https://ev-database.org/img/auto/Opel_Zafira-e_Life_2024/Opel_Zafira-e_Life_2024-01-thumb.jpg,OpelZafira,265 km,260 Wh/km,69.0 kWh,"€53,550"
https://ev-database.org/img/auto/Volvo_EC40_2025/Volvo_EC40_2025-01-thumb.jpg,VolvoEC40,400 km,198 Wh/km,79.0 kWh,"€64,390"
https://ev-database.org/img/auto/Mercedes_eVito_2024/Mercedes_eVito_2024-01-thumb.jpg,Mercedes-BenzeVito,220 km,273 Wh/km,60.0 kWh,"€68,398"
https://ev-database.org/img/auto/Abarth_600e/Abarth_600e-01-thumb.jpg,Abarth600e,280 km,181 Wh/km,50.8 kWh,"€44,990"
https://ev-database.org/img/auto/Mercedes_EQE_SUV/Mercedes_EQE_SUV-01-thumb.jpg,Mercedes-BenzEQE,450 km,201 Wh/km,90.6 kWh,"€83,479"
https://ev-database.org/img/auto/Mercedes_EQV_2024/Mercedes_EQV_2024-01-thumb.jpg,Mercedes-BenzEQV,215 km,279 Wh/km,60.0 kWh,"€58,488"
https://ev-database.org/img/auto/Polestar_3_MY26/Polestar_3_MY26-01-thumb.jpg,Polestar3,440 km,200 Wh/km,88.0 kWh,"£69,990"
https://ev-database.org/img/auto/Porsche_Macan_4S_2024/Porsche_Macan_4S_2024-01-thumb.jpg,PorscheMacan,470 km,202 Wh/km,95.0 kWh,"€91,200"
https://ev-database.org/img/auto/Porsche_Taycan_2024/Porsche_Taycan_2024-01-thumb.jpg,PorscheTaycan,490 km,168 Wh/km,82.3 kWh,"€106,200"
https://ev-database.org/img/auto/Mercedes_EQE/Mercedes_EQE-01-thumb.jpg,Mercedes-BenzEQE,505 km,179 Wh/km,90.6 kWh,"€84,764"
https://ev-database.org/img/auto/Mercedes_EQE_AMG_53/Mercedes_EQE_AMG_53-01-thumb.jpg,Mercedes-BenzEQE,450 km,201 Wh/km,90.6 kWh,"€110,706"
https://ev-database.org/img/auto/Mercedes_EQE_SUV/Mercedes_EQE_SUV-01-thumb.jpg,Mercedes-BenzEQE,435 km,208 Wh/km,90.6 kWh,"€89,548"
https://ev-database.org/img/auto/Ford_eTourneo_Custom_2024/Ford_eTourneo_Custom_2024-01-thumb.jpg,Forde-Tourneo,235 km,272 Wh/km,64.0 kWh,"€67,771"
https://ev-database.org/img/auto/Mercedes_EQV_2024/Mercedes_EQV_2024-01-thumb.jpg,Mercedes-BenzEQV,210 km,286 Wh/km,60.0 kWh,"€59,363"
https://ev-database.org/img/auto/Peugeot_e-Traveller_2024/Peugeot_e-Traveller_2024-01-thumb.jpg,Peugeote-Traveller,180 km,257 Wh/km,46.3 kWh,"€46,230"
https://ev-database.org/img/auto/Genesis_GV60_2025/Genesis_GV60_2025-01-thumb.jpg,GenesisGV60,410 km,195 Wh/km,80.0 kWh,"£58,515"
https://ev-database.org/img/auto/Volkswagen_e-Caravelle/Volkswagen_e-Caravelle-01-thumb.jpg,Volkswagene-Transporter,255 km,250 Wh/km,63.8 kWh,"€66,908"
https://ev-database.org/img/auto/Mercedes_eVito_2024/Mercedes_eVito_2024-01-thumb.jpg,Mercedes-BenzeVito,215 km,279 Wh/km,60.0 kWh,"€69,309"
https://ev-database.org/img/auto/Mercedes_EQE_AMG_SUV/Mercedes_EQE_AMG_SUV-01-thumb.jpg,Mercedes-BenzEQE,420 km,216 Wh/km,90.6 kWh,"€139,438"
https://ev-database.org/img/auto/Hongqi_E-HS7/Hongqi_E-HS7-01-thumb.jpg,HongqiE-HS7,435 km,219 Wh/km,95.3 kWh,"€74,995"
https://ev-database.org/img/auto/Volkswagen_e-Caravelle/Volkswagen_e-Caravelle-01-thumb.jpg,Volkswagene-Transporter,250 km,255 Wh/km,63.8 kWh,"€67,913"
https://ev-database.org/img/auto/Volkswagen_e-Caravelle/Volkswagen_e-Caravelle-01-thumb.jpg,Volkswagene-Transporter,255 km,250 Wh/km,63.8 kWh,"€62,719"
https://ev-database.org/img/auto/Porsche_Taycan_Sport_Turismo_2024/Porsche_Taycan_Sport_Turismo_2024-01-thumb.jpg,PorscheTaycan,505 km,192 Wh/km,97.0 kWh,"€176,600"
https://ev-database.org/img/auto/Opel_Zafira-e_Life_2024/Opel_Zafira-e_Life_2024-01-thumb.jpg,OpelZafira,180 km,257 Wh/km,46.3 kWh,"€47,550"
https://ev-database.org/img/auto/Volkswagen_e-Caravelle/Volkswagen_e-Caravelle-01-thumb.jpg,Volkswagene-Caravelle,245 km,260 Wh/km,63.8 kWh,"€70,210"
https://ev-database.org/img/auto/Volkswagen_e-Caravelle/Volkswagen_e-Caravelle-01-thumb.jpg,Volkswagene-Caravelle,245 km,260 Wh/km,63.8 kWh,"€69,175"
https://ev-database.org/img/auto/Citroen_e-SpaceTourer_2024/Citroen_e-SpaceTourer_2024-01-thumb.jpg,Citroënë-SpaceTourer,265 km,260 Wh/km,69.0 kWh,"€53,230"
https://ev-database.org/img/auto/Citroen_e-SpaceTourer_2024/Citroen_e-SpaceTourer_2024-01-thumb.jpg,Citroënë-SpaceTourer,180 km,257 Wh/km,46.3 kWh,"€46,230"
https://ev-database.org/img/auto/Volkswagen_e-Caravelle/Volkswagen_e-Caravelle-01-thumb.jpg,Volkswagene-Transporter,250 km,255 Wh/km,63.8 kWh,"€63,725"
https://ev-database.org/img/auto/Citroen_e-SpaceTourer_2024/Citroen_e-SpaceTourer_2024-01-thumb.jpg,Citroënë-SpaceTourer,180 km,257 Wh/km,46.3 kWh,"€47,230"
https://ev-database.org/img/auto/Peugeot_e-Traveller_2024/Peugeot_e-Traveller_2024-01-thumb.jpg,Peugeote-Traveller,265 km,260 Wh/km,69.0 kWh,"€52,230"
https://ev-database.org/img/auto/Volkswagen_e-Caravelle/Volkswagen_e-Caravelle-01-thumb.jpg,Volkswagene-Caravelle,245 km,260 Wh/km,63.8 kWh,"€67,027"
https://ev-database.org/img/auto/Opel_Zafira-e_Life_2024/Opel_Zafira-e_Life_2024-01-thumb.jpg,OpelZafira,265 km,260 Wh/km,69.0 kWh,"€54,550"
https://ev-database.org/img/auto/Peugeot_e-Traveller_2024/Peugeot_e-Traveller_2024-01-thumb.jpg,Peugeote-Traveller,180 km,257 Wh/km,46.3 kWh,"€47,230"
https://ev-database.org/img/auto/Volkswagen_e-Caravelle/Volkswagen_e-Caravelle-01-thumb.jpg,Volkswagene-Transporter,250 km,255 Wh/km,63.8 kWh,"€65,872"
https://ev-database.org/img/auto/Opel_Zafira-e_Life_2024/Opel_Zafira-e_Life_2024-01-thumb.jpg,OpelZafira,180 km,257 Wh/km,46.3 kWh,"€48,550"
https://ev-database.org/img/auto/Volkswagen_e-Caravelle/Volkswagen_e-Caravelle-01-thumb.jpg,Volkswagene-Caravelle,245 km,260 Wh/km,63.8 kWh,"€66,021"
https://ev-database.org/img/auto/Volkswagen_e-Caravelle/Volkswagen_e-Caravelle-01-thumb.jpg,Volkswagene-Caravelle,245 km,260 Wh/km,63.8 kWh,"€68,169"
